Symbol,Shortname,Longname,Sector,Industry,Currentprice,Marketcap,Ebitda,Revenuegrowth,City,State,Country,Fulltimeemployees,Weight,has_data
AAPL,Apple Inc.,Apple Inc.,Technology,Consumer Electronics,254.49,3846819807232,134660997120.0,0.061,Cupertino,CA,United States,164000.0,0.0692091524397274,False
NVDA,NVIDIA Corporation,NVIDIA Corporation,Technology,Semiconductors,134.7,3298803056640,61184000000.0,1.224,Santa Clara,CA,United States,29600.0,0.0593496381573215,True
MSFT,Microsoft Corporation,Microsoft Corporation,Technology,Software - Infrastructure,436.6,3246068596736,136551997440.0,0.16,Redmond,WA,United States,228000.0,0.0584008785436112,True
AMZN,"Amazon.com, Inc.","Amazon.com, Inc.",Consumer Cyclical,Internet Retail,224.92,2365033807872,111583002624.0,0.11,Seattle,WA,United States,1551000.0,0.0425499486683522,True
GOOGL,Alphabet Inc.,Alphabet Inc.,Communication Services,Internet Content & Information,191.41,2351625142272,123469996032.0,0.151,Mountain View,CA,United States,181269.0,0.0423087098196338,False
GOOG,Alphabet Inc.,Alphabet Inc.,Communication Services,Internet Content & Information,192.96,2351623045120,123469996032.0,0.151,Mountain View,CA,United States,181269.0,0.0423086720892176,True
META,"Meta Platforms, Inc.","Meta Platforms, Inc.",Communication Services,Internet Content & Information,585.25,1477457739776,79208996864.0,0.189,Menlo Park,CA,United States,72404.0,0.0265813329085953,True
TSLA,"Tesla, Inc.","Tesla, Inc.",Consumer Cyclical,Auto Manufacturers,421.06,1351627833344,13244000256.0,0.078,Austin,TX,United States,140473.0,0.0243174937863789,True
AVGO,Broadcom Inc.,Broadcom Inc.,Technology,Semiconductors,220.79,1031217348608,22958000128.0,0.164,Palo Alto,CA,United States,20000.0,0.0185529040232474,False
BRK-B,Berkshire Hathaway Inc. New,Berkshire Hathaway Inc.,Financial Services,Insurance - Diversified,453.2,978776031232,149547008000.0,-0.002,Omaha,NE,United States,396500.0,0.0176094184142796,False
WMT,Walmart Inc.,Walmart Inc.,Consumer Defensive,Discount Stores,92.24,740999888896,40779001856.0,0.048,Bentonville,AR,United States,2100000.0,0.0133315249578394,False
LLY,Eli Lilly and Company,Eli Lilly and Company,Healthcare,Drug Manufacturers - General,767.76,690458853376,16566500352.0,0.204,Indianapolis,IN,United States,43000.0,0.0124222278222706,False
JPM,JP Morgan Chase & Co.,JPMorgan Chase & Co.,Financial Services,Banks - Diversified,237.6,668924837888,,0.03,New York,NY,United States,316043.0,0.0120348036549762,False
V,Visa Inc.,Visa Inc.,Financial Services,Credit Services,317.71,615235846144,24973000704.0,0.117,San Francisco,CA,United States,,0.0110688708065074,True
MA,Mastercard Incorporated,Mastercard Incorporated,Financial Services,Credit Services,528.03,484642324480,16784000000.0,0.128,Purchase,NY,United States,33400.0,0.0087193282229185,False
ORCL,Oracle Corporation,Oracle Corporation,Technology,Software - Infrastructure,169.66,474532249600,21802999808.0,0.069,Austin,TX,United States,159000.0,0.0085374351921528,True
XOM,Exxon Mobil Corporation,Exxon Mobil Corporation,Energy,Oil & Gas Integrated,105.87,465308188672,71537999872.0,-0.015,Spring,TX,United States,62000.0,0.0083714826727031,False
UNH,UnitedHealth Group Incorporated,UnitedHealth Group Incorporated,Healthcare,Healthcare Plans,500.13,460261654528,35035000832.0,0.092,Minnetonka,MN,United States,440000.0,0.0082806891423673,False
COST,Costco Wholesale Corporation,Costco Wholesale Corporation,Consumer Defensive,Discount Stores,954.07,423510736896,11521999872.0,0.01,Issaquah,WA,United States,333000.0,0.007619493664505,False
PG,Procter & Gamble Company (The),The Procter & Gamble Company,Consumer Defensive,Household & Personal Products,168.06,395788025856,24039999488.0,-0.006,Cincinnati,OH,United States,108000.0,0.0071207270389399,False
HD,"Home Depot, Inc. (The)","The Home Depot, Inc.",Consumer Cyclical,Home Improvement Retail,392.6,389994315776,24757999616.0,0.066,Atlanta,GA,United States,465000.0,0.0070164908687495,False
NFLX,"Netflix, Inc.","Netflix, Inc.",Communication Services,Entertainment,909.05,388580671488,9976898560.0,0.15,Los Gatos,CA,United States,13000.0,0.0069910576205273,True
JNJ,Johnson & Johnson,Johnson & Johnson,Healthcare,Drug Manufacturers - General,144.47,347828879360,30051999744.0,0.052,New Brunswick,NJ,United States,131900.0,0.00625788135158,False
BAC,Bank of America Corporation,Bank of America Corporation,Financial Services,Banks - Diversified,44.17,338911100928,,-0.005,Charlotte,NC,United States,213000.0,0.0060974392415119,False
CRM,"Salesforce, Inc.","Salesforce, Inc.",Technology,Software - Application,343.65,328873050112,9345000448.0,0.084,San Francisco,CA,United States,72682.0,0.0059168420147283,True
ABBV,AbbVie Inc.,AbbVie Inc.,Healthcare,Drug Manufacturers - General,175.58,310274424832,25629999104.0,0.038,North Chicago,IL,United States,50000.0,0.0055822292289272,True
KO,Coca-Cola Company (The),The Coca-Cola Company,Consumer Defensive,Beverages - Non-Alcoholic,62.55,269452886016,14830999552.0,-0.008,Atlanta,GA,United States,79100.0,0.0048477981288716,False
TMUS,"T-Mobile US, Inc.","T-Mobile US, Inc.",Communication Services,Telecom Services,220.31,255667552256,30663999488.0,0.047,Bellevue,WA,United States,67000.0,0.0045997825436772,False
CVX,Chevron Corporation,Chevron Corporation,Energy,Oil & Gas Integrated,142.85,254690115584,38942998528.0,-0.064,San Ramon,CA,United States,45600.0,0.004582197222029,True
MRK,"Merck & Company, Inc.","Merck & Co., Inc.",Healthcare,Drug Manufacturers - General,98.05,248031199232,22927998976.0,0.044,Rahway,NJ,United States,70000.0,0.0044623948969961,True
WFC,Wells Fargo & Company,Wells Fargo & Company,Financial Services,Banks - Diversified,70.34,234196303872,,-0.018,San Francisco,CA,United States,220167.0,0.0042134876359495,False
CSCO,"Cisco Systems, Inc.","Cisco Systems, Inc.",Technology,Communication Equipment,58.52,233071116288,13752000512.0,-0.056,San Jose,CA,United States,90400.0,0.004193244088571,True
ACN,Accenture plc,Accenture plc,Technology,Information Technology Services,366.37,229157109760,11065912320.0,0.026,Dublin,,Ireland,774000.0,0.0041228261620705,False
NOW,"ServiceNow, Inc.","ServiceNow, Inc.",Technology,Software - Application,1091.25,225143422976,1824000000.0,0.222,Santa Clara,CA,United States,22668.0,0.0040506148617239,False
AXP,American Express Company,American Express Company,Financial Services,Credit Services,298.65,210382487552,,0.08,New York,NY,United States,74600.0,0.0037850469689955,True
MCD,McDonald's Corporation,McDonald's Corporation,Consumer Cyclical,Restaurants,292.68,209740349440,13845499904.0,0.027,Chicago,IL,United States,100000.0,0.0037734940924097,True
PEP,"Pepsico, Inc.","PepsiCo, Inc.",Consumer Defensive,Beverages - Non-Alcoholic,152.79,209626349568,16913000448.0,-0.006,Purchase,NY,United States,318000.0,0.0037714430905654,True
BX,Blackstone Inc.,Blackstone Inc.,Financial Services,Asset Management,170.84,207208415232,,0.541,New York,NY,United States,4735.0,0.003727941394506,False
IBM,International Business Machines,International Business Machines Corporation,Technology,Information Technology Services,223.36,206528708608,14675999744.0,0.015,Armonk,NY,United States,282200.0,0.0037157126128858,False
DIS,Walt Disney Company (The),The Walt Disney Company,Communication Services,Entertainment,112.03,202879614976,16750999552.0,0.037,Burbank,CA,United States,173250.0,0.0036500608043532,True
LIN,Linde plc,Linde plc,Basic Materials,Specialty Chemicals,424.31,202038607872,12581000192.0,0.025,Woking,,United Kingdom,65596.0,0.0036349300231416,False
TMO,Thermo Fisher Scientific Inc,Thermo Fisher Scientific Inc.,Healthcare,Diagnostics & Research,524.05,200449114112,10581999616.0,0.002,Waltham,MA,United States,122000.0,0.0036063330205653,False
MS,Morgan Stanley,Morgan Stanley,Financial Services,Capital Markets,123.44,198866780160,,0.165,New York,NY,United States,80000.0,0.0035778648319882,False
ABT,Abbott Laboratories,Abbott Laboratories,Healthcare,Medical Devices,114.23,198127370240,10824999936.0,0.049,North Chicago,IL,United States,114000.0,0.0035645619125812,True
ADBE,Adobe Inc.,Adobe Inc.,Technology,Software - Infrastructure,447.17,196844240896,8134000128.0,0.106,San Jose,CA,United States,29945.0,0.003541476793231,False
AMD,"Advanced Micro Devices, Inc.","Advanced Micro Devices, Inc.",Technology,Semiconductors,119.21,193455177728,4479000064.0,0.176,Santa Clara,CA,United States,26000.0,0.003480503261541,False
PM,Philip Morris International Inc,Philip Morris International Inc.,Consumer Defensive,Tobacco,124.22,193140981760,15301000192.0,0.084,Stamford,CT,United States,82700.0,0.0034748504787919,True
ISRG,"Intuitive Surgical, Inc.","Intuitive Surgical, Inc.",Healthcare,Medical Instruments & Supplies,524.43,186790952960,2505100032.0,0.169,Sunnyvale,CA,United States,13676.0,0.0033606054313921,True
PLTR,Palantir Technologies Inc.,Palantir Technologies Inc.,Technology,Software - Infrastructure,80.55,183494524928,397707008.0,0.3,Denver,CO,United States,3892.0,0.0033012985229311,False
GE,GE Aerospace,GE Aerospace,Industrials,Aerospace & Defense,168.37,182225174528,8935000064.0,0.058,Evendale,OH,United States,125000.0,0.0032784613042062,False
INTU,Intuit Inc.,Intuit Inc.,Technology,Software - Application,643.39,180095795200,4496000000.0,0.41,Mountain View,CA,United States,18800.0,0.0032401510776038,False
GS,"Goldman Sachs Group, Inc. (The)","The Goldman Sachs Group, Inc.",Financial Services,Capital Markets,566.1,177704452096,,0.042,New York,NY,United States,46400.0,0.0031971277914314,False
CAT,"Caterpillar, Inc.",Caterpillar Inc.,Industrials,Farm & Heavy Construction Machinery,366.04,176724836352,15818999808.0,-0.042,Irving,TX,United States,113200.0,0.0031795032655226,True
TXN,Texas Instruments Incorporated,Texas Instruments Incorporated,Technology,Semiconductors,186.87,170465984512,6896999936.0,-0.084,Dallas,TX,United States,34000.0,0.0030668986069218,False
QCOM,QUALCOMM Incorporated,QUALCOMM Incorporated,Technology,Semiconductors,152.89,169860792320,11959000064.0,0.187,San Diego,CA,United States,49000.0,0.003056010434153,False
VZ,Verizon Communications Inc.,Verizon Communications Inc.,Communication Services,Telecom Services,39.93,168090517504,48428998656.0,,New York,NY,United States,101200.0,0.0030241609517909,False
BKNG,Booking Holdings Inc. Common St,Booking Holdings Inc.,Consumer Cyclical,Travel Services,5048.59,167091666944,7183000064.0,0.089,Norwalk,CT,United States,24200.0,0.0030061903672209,False
DHR,Danaher Corporation,Danaher Corporation,Healthcare,Diagnostics & Research,228.55,165075959808,7511000064.0,0.031,Washington,DC,United States,61000.0,0.0029699252470853,False
T,AT&T Inc.,AT&T Inc.,Communication Services,Telecom Services,22.75,163237838848,42773000192.0,-0.005,Dallas,TX,United States,143630.0,0.0029368551268046,True
BLK,"BlackRock, Inc.","BlackRock, Inc.",Financial Services,Asset Management,1028.69,159322472448,7673999872.0,0.149,New York,NY,United States,20400.0,0.0028664127344873,False
RTX,RTX Corporation,RTX Corporation,Industrials,Aerospace & Defense,116.48,155037220864,12570999808.0,0.492,Arlington,VA,United States,185000.0,0.0027893156400089,True
SPGI,S&P Global Inc.,S&P Global Inc.,Financial Services,Financial Data & Stock Exchanges,491.81,152608636928,6645000192.0,0.159,New York,NY,United States,40450.0,0.0027456223441796,False
PFE,"Pfizer, Inc.",Pfizer Inc.,Healthcare,Drug Manufacturers - General,26.36,149381857280,18365999104.0,0.312,New York,NY,United States,88000.0,0.0026875684982136,False
HON,Honeywell International Inc.,Honeywell International Inc.,Industrials,Conglomerates,228.32,148464402432,9164000256.0,0.056,Charlotte,NC,United States,95000.0,0.0026710623254232,False
NEE,"NextEra Energy, Inc.","NextEra Energy, Inc.",Utilities,Utilities - Regulated Electric,71.67,147382190080,14577999872.0,0.055,Juno Beach,FL,United States,16800.0,0.0026515919568084,False
CMCSA,Comcast Corporation,Comcast Corporation,Communication Services,Telecom Services,38.22,146250366976,37285998592.0,0.065,Philadelphia,PA,United States,186000.0,0.0026312290280347,True
ANET,"Arista Networks, Inc.",Arista Networks Inc,Technology,Computer Hardware,112.81,142113521664,2833341952.0,0.2,Santa Clara,CA,United States,4023.0,0.0025568019500418,True
AMGN,Amgen Inc.,Amgen Inc.,Healthcare,Drug Manufacturers - General,263.38,141575438336,12247000064.0,0.232,Thousand Oaks,CA,United States,26700.0,0.0025471211505921,False
PGR,Progressive Corporation (The),The Progressive Corporation,Financial Services,Insurance - Property & Casualty,239.97,140577062912,10823199744.0,0.267,Mayfield Village,OH,United States,61432.0,0.0025291591143195,True
LOW,"Lowe's Companies, Inc.","Lowe's Companies, Inc.",Consumer Cyclical,Home Improvement Retail,247.72,139875090432,12433000448.0,-0.055,Mooresville,NC,United States,300000.0,0.0025165297417959,False
SYK,Stryker Corporation,Stryker Corporation,Healthcare,Medical Devices,364.6,138991353856,5693000192.0,0.119,Portage,MI,United States,52000.0,0.0025006302033538,False
UNP,Union Pacific Corporation,Union Pacific Corporation,Industrials,Railroads,226.32,137208094720,12030000128.0,0.025,Omaha,NE,United States,30518.0,0.0024685471166568,False
TJX,"TJX Companies, Inc. (The)","The TJX Companies, Inc.",Consumer Cyclical,Apparel Retail,122.0,137147523072,7125000192.0,0.056,Framingham,MA,United States,349000.0,0.0024674573561195,True
KKR,KKR & Co. Inc.,KKR & Co. Inc.,Financial Services,Asset Management,147.58,136186535936,,0.238,New York,NY,United States,4490.0,0.0024501679824236,False
SCHW,Charles Schwab Corporation (The,The Charles Schwab Corporation,Financial Services,Capital Markets,74.31,136028905472,,0.052,Westlake,TX,United States,32100.0,0.0024473320110606,False
ETN,"Eaton Corporation, PLC",Eaton Corporation plc,Industrials,Specialty Industrial Machinery,338.12,133625020416,5449999872.0,0.079,Dublin,,Ireland,94000.0,0.002404083079313,False
AMAT,"Applied Materials, Inc.","Applied Materials, Inc.",Technology,Semiconductor Equipment & Materials,163.59,133110726656,8204000256.0,0.055,Santa Clara,CA,United States,35200.0,0.0023948302842723,False
BA,Boeing Company (The),The Boeing Company,Industrials,Aerospace & Defense,177.35,132689018880,-3991000064.0,-0.015,Arlington,VA,United States,171000.0,0.0023872432281541,False
BSX,Boston Scientific Corporation,Boston Scientific Corporation,Healthcare,Medical Devices,88.95,131097174016,4063000064.0,0.193,Marlborough,MA,United States,48000.0,0.002358603926244,True
C,"Citigroup, Inc.",Citigroup Inc.,Financial Services,Banks - Diversified,69.19,130856288256,,-0.024,New York,NY,United States,229000.0,0.0023542700868338,True
UBER,"Uber Technologies, Inc.","Uber Technologies, Inc.",Technology,Software - Application,60.73,127879766016,3444999936.0,0.204,San Francisco,CA,United States,30800.0,0.0023007186880755,True
COP,ConocoPhillips,ConocoPhillips,Energy,Oil & Gas E&P,95.12,123043438592,24445999104.0,-0.079,Houston,TX,United States,10300.0,0.0022137070424282,False
PANW,"Palo Alto Networks, Inc.","Palo Alto Networks, Inc.",Technology,Software - Infrastructure,186.78,122565033984,1094400000.0,0.121,Santa Clara,CA,United States,15289.0,0.002205099938612,False
ADP,"Automatic Data Processing, Inc.","Automatic Data Processing, Inc.",Technology,Software - Application,294.02,119800504320,5733100032.0,0.071,Roseland,NJ,United States,64000.0,0.0021553625543498,False
DE,Deere & Company,Deere & Company,Industrials,Farm & Heavy Construction Machinery,432.49,117453471744,14364000256.0,-0.168,Moline,IL,United States,83000.0,0.0021131364706045,True
FI,"Fiserv, Inc.","Fiserv, Inc.",Technology,Information Technology Services,206.05,117225758720,8766000128.0,0.07,Milwaukee,WI,United States,42000.0,0.0021090396253712,False
BMY,Bristol-Myers Squibb Company,Bristol-Myers Squibb Company,Healthcare,Drug Manufacturers - General,57.33,116275560448,19161999360.0,0.084,Princeton,NJ,United States,34100.0,0.0020919443569806,False
LMT,Lockheed Martin Corporation,Lockheed Martin Corporation,Industrials,Aerospace & Defense,489.02,115914858496,10225999872.0,0.013,Bethesda,MD,United States,122000.0,0.0020854548727749,False
GILD,"Gilead Sciences, Inc.","Gilead Sciences, Inc.",Healthcare,Drug Manufacturers - General,92.57,115367206912,13948999680.0,0.07,Foster City,CA,United States,18000.0,0.0020756019283012,False
NKE,"Nike, Inc.","NIKE, Inc.",Consumer Cyclical,Footwear & Accessories,76.94,114525192192,7200999936.0,-0.104,Beaverton,OR,United States,79400.0,0.0020604530188037,False
CB,Chubb Limited,Chubb Limited,Financial Services,Insurance - Property & Casualty,273.2,110126374912,11363000320.0,0.078,Zurich,,Switzerland,40000.0,0.0019813127338562,False
UPS,"United Parcel Service, Inc.","United Parcel Service, Inc.",Industrials,Integrated Freight & Logistics,125.68,107251539968,12007999488.0,0.056,Atlanta,GA,United States,500000.0,0.0019295908181313,True
ADI,"Analog Devices, Inc.","Analog Devices, Inc.",Technology,Semiconductors,211.78,105105776640,4361349120.0,-0.248,Wilmington,MA,United States,26000.0,0.0018909858226522,False
MMC,"Marsh & McLennan Companies, Inc","Marsh & McLennan Companies, Inc.",Financial Services,Insurance Brokers,211.74,103990173696,7246000128.0,0.059,New York,NY,United States,85000.0,0.0018709147150666,False
MDT,Medtronic plc.,Medtronic plc,Healthcare,Medical Devices,81.03,103903961088,9013000192.0,0.028,Galway,,Ireland,95000.0,0.0018693636412372,False
VRTX,Vertex Pharmaceuticals Incorpor,Vertex Pharmaceuticals Incorporated,Healthcare,Biotechnology,397.27,102308536320,4446600192.0,0.116,Boston,MA,United States,5400.0,0.0018406599323276,True
MU,"Micron Technology, Inc.","Micron Technology, Inc.",Technology,Semiconductors,90.12,100408999936,8944000000.0,0.933,Boise,ID,United States,48000.0,0.0018064848709125,False
SBUX,Starbucks Corporation,Starbucks Corporation,Consumer Cyclical,Restaurants,87.97,99740385280,6700000256.0,-0.032,Seattle,WA,United States,,0.0017944556478219,True
PLD,"Prologis, Inc.","Prologis, Inc.",Real Estate,REIT - Industrial,103.32,95692398592,5739131904.0,0.068,San Francisco,CA,United States,2574.0,0.0017216272488319,False
GEV,GE Vernova Inc.,GE Vernova Inc.,Utilities,Utilities - Renewable,342.66,94455259136,1396999936.0,0.08,Cambridge,MA,United States,80000.0,0.0016993695457186,False
LRCX,Lam Research Corporation,Lam Research Corporation,Technology,Semiconductor Equipment & Materials,71.79,92371476480,4920197120.0,0.197,Fremont,CA,United States,17700.0,0.0016618796609002,True
MO,"Altria Group, Inc.","Altria Group, Inc.",Consumer Defensive,Tobacco,53.84,91248566272,12216000512.0,0.013,Richmond,VA,United States,6400.0,0.0016416770863955,True
SO,Southern Company (The),The Southern Company,Utilities,Utilities - Regulated Electric,82.86,90788044800,13061000192.0,0.042,Atlanta,GA,United States,27819.0,0.0016333917228083,True
EQIX,"Equinix, Inc.","Equinix, Inc.",Real Estate,REIT - Specialty,927.22,89465782272,3352907008.0,0.189,Redwood City,CA,United States,13151.0,0.001609602547996,True
CRWD,"CrowdStrike Holdings, Inc.","CrowdStrike Holdings, Inc.",Technology,Software - Infrastructure,362.29,89236021248,187490000.0,0.317,Austin,TX,United States,9219.0,0.0016054688566531,False
PYPL,"PayPal Holdings, Inc.","PayPal Holdings, Inc.",Financial Services,Credit Services,87.13,87351312384,6120999936.0,0.058,San Jose,CA,United States,27200.0,0.0015715605610715,False
SHW,Sherwin-Williams Company (The),The Sherwin-Williams Company,Basic Materials,Specialty Chemicals,345.47,87007649792,4399799808.0,0.007,Cleveland,OH,United States,64088.0,0.0015653776364975,True
ICE,Intercontinental Exchange Inc.,"Intercontinental Exchange, Inc.",Financial Services,Financial Data & Stock Exchanges,150.31,86304546816,5558000128.0,0.173,Atlanta,GA,United States,12900.0,0.0015527279249214,True
CME,CME Group Inc.,CME Group Inc.,Financial Services,Financial Data & Stock Exchanges,238.53,85957140480,4209900032.0,0.185,Chicago,IL,United States,3565.0,0.0015464776456592,True
AMT,American Tower Corporation (REI,American Tower Corporation,Real Estate,REIT - Specialty,183.73,85855002624,6966099968.0,,Boston,MA,United States,5643.0,0.0015446400564816,False
APH,Amphenol Corporation,Amphenol Corporation,Technology,Electronic Components,70.58,85091958784,3586299904.0,0.262,Wallingford,CT,United States,95000.0,0.00153091193297,True
ELV,"Elevance Health, Inc.","Elevance Health, Inc.",Healthcare,Healthcare Plans,365.96,84874543104,11347999744.0,0.054,Indianapolis,IN,United States,104900.0,0.0015270003499757,False
TT,Trane Technologies plc,Trane Technologies plc,Industrials,Building Products & Equipment,377.11,84858798080,3691200000.0,0.114,Swords,,Ireland,40000.0,0.0015267170770852,True
MCO,Moody's Corporation,Moody's Corporation,Financial Services,Financial Data & Stock Exchanges,466.35,84517085184,3313999872.0,0.232,New York,NY,United States,15776.0,0.0015205692300076,False
CMG,"Chipotle Mexican Grill, Inc.","Chipotle Mexican Grill, Inc.",Consumer Cyclical,Restaurants,61.87,84303437824,2233638912.0,0.13,Newport Beach,CA,United States,125000.0,0.001516725443855,False
INTC,Intel Corporation,Intel Corporation,Technology,Semiconductors,19.52,84189757440,10439000064.0,-0.062,Santa Clara,CA,United States,124100.0,0.0015146801900038,False
KLAC,KLA Corporation,KLA Corporation,Technology,Semiconductor Equipment & Materials,629.37,84184530944,4249192960.0,0.185,Milpitas,CA,United States,15000.0,0.0015145861587321,False
ABNB,"Airbnb, Inc.","Airbnb, Inc.",Consumer Cyclical,Travel Services,134.21,83850649600,1672999936.0,0.099,San Francisco,CA,United States,6907.0,0.0015085792111776,False
DUK,Duke Energy Corporation (Holdin,Duke Energy Corporation,Utilities,Utilities - Regulated Electric,108.28,83644350464,14106000384.0,0.02,Charlotte,NC,United States,27037.0,0.0015048676288662,False
PH,Parker-Hannifin Corporation,Parker-Hannifin Corporation,Industrials,Specialty Industrial Machinery,647.2,83307585536,4962157056.0,0.012,Cleveland,OH,United States,61120.0,0.0014988088019894,True
CDNS,"Cadence Design Systems, Inc.","Cadence Design Systems, Inc.",Technology,Software - Application,301.47,82682068992,1450493056.0,0.188,San Jose,CA,United States,12703.0,0.001487554968429,False
WM,"Waste Management, Inc.","Waste Management, Inc.",Industrials,Waste Management,205.83,82613166080,6381000192.0,0.079,Houston,TX,United States,48000.0,0.0014863153179179,False
DELL,Dell Technologies Inc.,Dell Technologies Inc.,Technology,Computer Hardware,115.77,81092141056,8725999616.0,0.091,Round Rock,TX,United States,120000.0,0.0014589501544775,True
MDLZ,"Mondelez International, Inc.","Mondelez International, Inc.",Consumer Defensive,Confectioners,59.39,79415713792,7414000128.0,0.019,Chicago,IL,United States,91000.0,0.0014287891082413,False
MAR,Marriott International,"Marriott International, Inc.",Consumer Cyclical,Lodging,283.96,78910488576,4112999936.0,0.066,Bethesda,MD,United States,411000.0,0.001419699467774,False
MSI,"Motorola Solutions, Inc.","Motorola Solutions, Inc.",Technology,Communication Equipment,469.94,78536843264,3152000000.0,0.092,Chicago,IL,United States,21000.0,0.0014129771161556,True
WELL,Welltower Inc.,Welltower Inc.,Real Estate,REIT - Healthcare Facilities,124.64,77612081152,2930661888.0,0.288,Toledo,OH,United States,533.0,0.0013963394764462,True
AON,Aon plc,Aon plc,Financial Services,Insurance Brokers,358.47,77524877312,4295000064.0,0.26,Dublin,,Ireland,50000.0,0.0013947705690998,False
REGN,"Regeneron Pharmaceuticals, Inc.","Regeneron Pharmaceuticals, Inc.",Healthcare,Biotechnology,701.85,77126295552,4598000128.0,0.106,Tarrytown,NY,United States,14165.0,0.001387599579251,False
CI,The Cigna Group,The Cigna Group,Healthcare,Healthcare Plans,276.92,77026131968,8554999808.0,0.28,Bloomfield,CT,United States,70325.0,0.0013857975097231,False
HCA,"HCA Healthcare, Inc.","HCA Healthcare, Inc.",Healthcare,Medical Care Facilities,303.62,76906029056,13747000320.0,0.079,Nashville,TN,United States,220000.0,0.0013836367064722,True
PNC,"PNC Financial Services Group, I","The PNC Financial Services Group, Inc.",Financial Services,Banks - Regional,192.76,76483887104,,0.017,Pittsburgh,PA,United States,53749.0,0.0013760418389788,True
ITW,Illinois Tool Works Inc.,Illinois Tool Works Inc.,Industrials,Specialty Industrial Machinery,258.82,76429549568,4652000256.0,-0.016,Glenview,IL,United States,45000.0,0.0013750642379991,False
SNPS,"Synopsys, Inc.","Synopsys, Inc.",Technology,Software - Infrastructure,492.18,76080201728,1652390016.0,0.127,Sunnyvale,CA,United States,20300.0,0.0013687790286249,False
CTAS,Cintas Corporation,Cintas Corporation,Industrials,Specialty Business Services,186.94,75429543936,2450383872.0,0.068,Cincinnati,OH,United States,46500.0,0.0013570728722232,False
CL,Colgate-Palmolive Company,Colgate-Palmolive Company,Consumer Defensive,Household & Personal Products,92.03,75189518336,4894000128.0,0.024,New York,NY,United States,34000.0,0.0013527545081791,False
USB,U.S. Bancorp,U.S. Bancorp,Financial Services,Banks - Regional,47.92,74756628480,,-0.032,Minneapolis,MN,United States,70000.0,0.0013449662723025,True
FTNT,"Fortinet, Inc.","Fortinet, Inc.",Technology,Software - Infrastructure,97.19,74491568128,1727900032.0,0.13,Sunnyvale,CA,United States,13986.0,0.0013401975014147,True
ZTS,Zoetis Inc.,Zoetis Inc.,Healthcare,Drug Manufacturers - Specialty & Generic,164.84,74370031616,3764000000.0,0.11,Parsippany,NJ,United States,14100.0,0.0013380109058871,False
MCK,McKesson Corporation,McKesson Corporation,Healthcare,Medical Distribution,579.74,73592193024,4889999872.0,0.213,Irving,TX,United States,45000.0,0.0013240166060798,False
GD,General Dynamics Corporation,General Dynamics Corporation,Industrials,Aerospace & Defense,263.64,72492826624,5402999808.0,0.104,Reston,VA,United States,100000.0,0.001304237614451,False
TDG,Transdigm Group Incorporated,TransDigm Group Incorporated,Industrials,Aerospace & Defense,1276.15,71758430208,3888000000.0,0.18,Cleveland,OH,United States,16600.0,0.0012910248943203,True
CEG,Constellation Energy Corporatio,Constellation Energy Corporation,Utilities,Utilities - Renewable,227.02,71004364800,5997000192.0,0.072,Baltimore,MD,United States,13871.0,0.0012774583041531,False
AJG,Arthur J. Gallagher & Co.,Arthur J. Gallagher & Co.,Financial Services,Insurance Brokers,283.1,70719234048,3382200064.0,0.119,Rolling Meadows,IL,United States,51261.0,0.0012723284413913,True
EMR,Emerson Electric Company,Emerson Electric Co.,Industrials,Specialty Industrial Machinery,124.09,70673096704,4614000128.0,0.129,Saint Louis,MO,United States,73000.0,0.0012714983722344,False
MMM,3M Company,3M Company,Industrials,Conglomerates,129.28,70400581632,8117000192.0,0.004,Saint Paul,MN,United States,85000.0,0.0012665954815077,False
ORLY,"O'Reilly Automotive, Inc.","O'Reilly Automotive, Inc.",Consumer Cyclical,Specialty Retail,1219.11,70380068864,3685244928.0,0.038,Springfield,MO,United States,92709.0,0.001266226430874,False
NOC,Northrop Grumman Corporation,Northrop Grumman Corporation,Industrials,Aerospace & Defense,469.54,68409634816,4457999872.0,0.023,Falls Church,VA,United States,101000.0,0.0012307758308371,False
COF,Capital One Financial Corporati,Capital One Financial Corporation,Financial Services,Credit Services,178.65,68156760064,,0.064,McLean,VA,United States,52500.0,0.0012262262943013,True
ECL,Ecolab Inc.,Ecolab Inc.,Basic Materials,Specialty Chemicals,238.29,67474665472,3538599936.0,0.178,Saint Paul,MN,United States,48000.0,0.0012139545501174,False
EOG,"EOG Resources, Inc.","EOG Resources, Inc.",Energy,Oil & Gas E&P,119.04,66954047488,13168000000.0,-0.039,Houston,TX,United States,3050.0,0.0012045879742903,False
FDX,FedEx Corporation,FedEx Corporation,Industrials,Integrated Freight & Logistics,275.73,66409852928,10885000192.0,0.139,Memphis,TN,United States,306000.0,0.0011947972260496,True
BDX,"Becton, Dickinson and Company","Becton, Dickinson and Company",Healthcare,Medical Instruments & Supplies,227.68,66029019136,5109000192.0,0.069,Franklin Lakes,NJ,United States,70000.0,0.0011879455445866,True
APD,"Air Products and Chemicals, Inc","Air Products and Chemicals, Inc.",Basic Materials,Specialty Chemicals,294.99,65599582208,4296600064.0,-0.001,Allentown,PA,United States,23000.0,0.0011802194312508,False
WMB,"Williams Companies, Inc. (The)","The Williams Companies, Inc.",Energy,Oil & Gas Midstream,53.49,65204850688,5864000000.0,0.045,Tulsa,OK,United States,5601.0,0.0011731177120881,True
SPG,"Simon Property Group, Inc.","Simon Property Group, Inc.",Real Estate,REIT - Retail,171.61,64434921472,4353110016.0,0.049,Indianapolis,IN,United States,2500.0,0.001159265711956,False
ADSK,"Autodesk, Inc.","Autodesk, Inc.",Technology,Software - Application,298.12,64247537664,1396000000.0,0.119,San Francisco,CA,United States,14100.0,0.0011558944403128,False
RCL,Royal Caribbean Cruises Ltd.,Royal Caribbean Cruises Ltd.,Consumer Cyclical,Travel Services,238.43,64107868160,5641999872.0,0.175,Miami,FL,United States,98100.0,0.0011533816093309,False
RSG,"Republic Services, Inc.","Republic Services, Inc.",Industrials,Waste Management,203.73,63798456320,4804800000.0,0.065,Phoenix,AZ,United States,41000.0,0.0011478148990938,False
CARR,Carrier Global Corporation,Carrier Global Corporation,Industrials,Building Products & Equipment,68.49,61451075584,3318000128.0,0.213,Palm Beach Gardens,FL,United States,53000.0,0.0011055825515098,False
CSX,CSX Corporation,CSX Corporation,Industrials,Railroads,31.85,61420175360,7191000064.0,0.013,Jacksonville,FL,United States,23400.0,0.0011050266174083,False
HLT,Hilton Worldwide Holdings Inc.,Hilton Worldwide Holdings Inc.,Consumer Cyclical,Lodging,249.42,60803608576,2456999936.0,0.063,McLean,VA,United States,178000.0,0.0010939338013469,True
DLR,"Digital Realty Trust, Inc.","Digital Realty Trust, Inc.",Real Estate,REIT - Specialty,178.57,60376125440,2337596928.0,0.016,Austin,TX,United States,3664.0,0.0010862428391996,True
TGT,Target Corporation,Target Corporation,Consumer Defensive,Discount Stores,131.48,60245712896,9230999552.0,0.027,Minneapolis,MN,United States,415000.0,0.001083896552633,False
KMI,"Kinder Morgan, Inc.","Kinder Morgan, Inc.",Energy,Oil & Gas Midstream,26.85,59651035136,6568999936.0,-0.053,Houston,TX,United States,10891.0,0.0010731975477909,False
OKE,"ONEOK, Inc.","ONEOK, Inc.",Energy,Oil & Gas Midstream,100.08,58471841792,5612000256.0,0.199,Tulsa,OK,United States,4775.0,0.0010519823685024,False
TFC,Truist Financial Corporation,Truist Financial Corporation,Financial Services,Banks - Regional,43.32,57508167680,,0.061,Charlotte,NC,United States,37867.0,0.0010346446527107,False
AFL,AFLAC Incorporated,Aflac Incorporated,Financial Services,Insurance - Life,102.69,57047171072,4779250176.0,-0.404,Columbus,GA,United States,12785.0,0.0010263507408261,False
GM,General Motors Company,General Motors Company,Consumer Cyclical,Auto Manufacturers,51.81,56970276864,18371000320.0,0.105,Detroit,MI,United States,163000.0,0.0010249673167954,False
BK,The Bank of New York Mellon Cor,The Bank of New York Mellon Corporation,Financial Services,Banks - Diversified,77.62,56435798016,,0.047,New York,NY,United States,52600.0,0.0010153513664986,True
ROP,"Roper Technologies, Inc.","Roper Technologies, Inc.",Technology,Software - Application,525.4,56338120704,2732699904.0,0.129,Sarasota,FL,United States,16800.0,0.0010135940281477,False
MET,"MetLife, Inc.","MetLife, Inc.",Financial Services,Insurance - Life,81.36,56335290368,7036000256.0,0.162,New York,NY,United States,45000.0,0.0010135431068243,False
CPRT,"Copart, Inc.","Copart, Inc.",Industrials,Specialty Business Services,58.22,56096600064,1754322944.0,0.072,Dallas,TX,United States,13086.0,0.0010092487664436,False
FCX,"Freeport-McMoRan, Inc.",Freeport-McMoRan Inc.,Basic Materials,Copper,38.86,55839100928,9900000256.0,0.166,Phoenix,AZ,United States,27200.0,0.0010046160313924,True
CVS,CVS Health Corporation,CVS Health Corporation,Healthcare,Healthcare Plans,44.36,55823069184,14115000320.0,0.06,Woonsocket,RI,United States,219000.0,0.0010043276000465,False
PCAR,PACCAR Inc.,PACCAR Inc,Industrials,Farm & Heavy Construction Machinery,105.32,55219380224,5908100096.0,-0.052,Bellevue,WA,United States,32400.0,0.0009934664723222,False
SRE,DBA Sempra,Sempra,Utilities,Utilities - Diversified,86.81,54985363456,4930999808.0,-0.167,San Diego,CA,United States,16835.0,0.0009892562147636,False
AZO,"AutoZone, Inc.","AutoZone, Inc.",Consumer Cyclical,Specialty Retail,3253.47,54690828288,4338463232.0,0.09,Memphis,TN,United States,75600.0,0.0009839571546666,False
TRV,"The Travelers Companies, Inc.","The Travelers Companies, Inc.",Financial Services,Insurance - Property & Casualty,240.76,54657093632,6719000064.0,0.119,New York,NY,United States,32967.0,0.0009833502255494,False
NXPI,NXP Semiconductors N.V.,NXP Semiconductors N.V.,Technology,Semiconductors,210.24,53433757696,4640000000.0,-0.054,Eindhoven,,Netherlands,34200.0,0.0009613408652148,False
JCI,Johnson Controls International ,Johnson Controls International plc,Industrials,Building Products & Equipment,80.64,53398601728,3232000000.0,-0.095,Cork,,Ireland,100000.0,0.0009607083648975,True
GWW,"W.W. Grainger, Inc.","W.W. Grainger, Inc.",Industrials,Industrial Distribution,1092.96,53227368448,2836999936.0,0.043,Lake Forest,IL,United States,23200.0,0.0009576276616746,False
NSC,Norfolk Southern Corporation,Norfolk Southern Corporation,Industrials,Railroads,234.15,52974096384,5888000000.0,0.027,Atlanta,GA,United States,20700.0,0.0009530709769936,False
PSA,Public Storage,Public Storage,Real Estate,REIT - Industrial,297.5,52116942848,3353046016.0,0.034,Glendale,CA,United States,6200.0,0.000937649701054,False
SLB,Schlumberger N.V.,Schlumberger Limited,Energy,Oil & Gas Equipment & Services,36.83,52009488384,8130999808.0,0.102,Houston,TX,United States,111000.0,0.0009357164593759,False
AMP,"Ameriprise Financial, Inc.","Ameriprise Financial, Inc.",Financial Services,Asset Management,532.12,51623407616,,0.119,Minneapolis,MN,United States,13800.0,0.0009287703781801,True
ALL,Allstate Corporation (The),The Allstate Corporation,Financial Services,Insurance - Property & Casualty,193.56,51255271424,6192999936.0,0.147,Northbrook,IL,United States,53000.0,0.0009221471425966,True
FICO,Fair Isaac Corporation,Fair Isaac Corporation,Technology,Software - Application,2090.98,50910969856,747456000.0,0.164,Bozeman,MT,United States,3586.0,0.0009159527220365,False
MNST,Monster Beverage Corporation,Monster Beverage Corporation,Consumer Defensive,Beverages - Non-Alcoholic,51.72,50298736640,2105284992.0,0.013,Corona,CA,United States,5254.0,0.000904937872343,False
PAYX,"Paychex, Inc.","Paychex, Inc.",Technology,Software - Application,139.54,50243190784,2358799872.0,0.025,Rochester,NY,United States,16000.0,0.0009039385321586,True
CHTR,"Charter Communications, Inc.","Charter Communications, Inc.",Communication Services,Telecom Services,351.5,49977675776,21500000256.0,0.016,Stamford,CT,United States,101100.0,0.0008991615814345,False
AEP,American Electric Power Company,"American Electric Power Company, Inc.",Utilities,Utilities - Regulated Electric,92.75,49395404800,7258299904.0,0.015,Columbus,OH,United States,17250.0,0.0008886857903243,False
ROST,"Ross Stores, Inc.","Ross Stores, Inc.",Consumer Cyclical,Apparel Retail,149.15,49208905728,2983800064.0,0.071,Dublin,CA,United States,108000.0,0.0008853304362004,False
PWR,"Quanta Services, Inc.","Quanta Services, Inc.",Industrials,Engineering & Construction,328.41,48477257728,1868978048.0,0.155,Houston,TX,United States,52500.0,0.0008721671635488,True
CMI,Cummins Inc.,Cummins Inc.,Industrials,Specialty Industrial Machinery,351.38,48203010048,4582000128.0,0.003,Columbus,IN,United States,75500.0,0.0008672331010134,False
AXON,"Axon Enterprise, Inc.","Axon Enterprise, Inc.",Industrials,Aerospace & Defense,631.69,48169394176,183220000.0,0.317,Scottsdale,AZ,United States,3330.0,0.0008666283089706,True
VST,Vistra Corp.,Vistra Corp.,Utilities,Utilities - Independent Power Producers,139.95,47614623744,6019999744.0,0.539,Irving,TX,United States,4870.0,0.0008566472874199,False
URI,"United Rentals, Inc.","United Rentals, Inc.",Industrials,Rental & Leasing Services,722.64,47421370368,4542000128.0,0.06,Stamford,CT,United States,26300.0,0.0008531704148266,False
MSCI,MSCI Inc.,MSCI Inc.,Financial Services,Financial Data & Stock Exchanges,604.8,47398957056,1622592000.0,0.159,New York,NY,United States,6118.0,0.0008527671710033,False
LULU,lululemon athletica inc.,Lululemon Athletica Inc.,Consumer Cyclical,Apparel Retail,379.42,46207287296,2699964928.0,0.073,Vancouver,BC,Canada,38000.0,0.0008313275252152,False
O,Realty Income Corporation,Realty Income Corporation,Real Estate,REIT - Retail,52.79,46202388480,4485658112.0,0.286,San Diego,CA,United States,418.0,0.000831239389321,True
PSX,Phillips 66,Phillips 66,Energy,Oil & Gas Refining & Marketing,110.37,45581594624,5571999744.0,-0.104,Houston,TX,United States,14000.0,0.0008200705228894,False
AIG,"American International Group, I","American International Group, Inc.",Financial Services,Insurance - Diversified,72.69,45341773824,8501000192.0,-0.086,New York,NY,United States,25000.0,0.0008157558434562,False
FANG,"Diamondback Energy, Inc.","Diamondback Energy, Inc.",Energy,Oil & Gas E&P,154.94,45240774656,6817999872.0,0.087,Midland,TX,United States,1023.0,0.0008139387407156,False
D,"Dominion Energy, Inc.","Dominion Energy, Inc.",Utilities,Utilities - Regulated Electric,53.66,45074935808,7032000000.0,0.034,Richmond,VA,United States,17700.0,0.0008109550901453,False
HWM,Howmet Aerospace Inc.,Howmet Aerospace Inc.,Industrials,Aerospace & Defense,110.83,45025906688,1772000000.0,0.107,Pittsburgh,PA,United States,23200.0,0.0008100729942817,False
DHI,"D.R. Horton, Inc.","D.R. Horton, Inc.",Consumer Cyclical,Residential Construction,139.61,44790935552,6202899968.0,-0.048,Arlington,TX,United States,,0.000805845566436,True
KR,Kroger Company (The),The Kroger Co.,Consumer Defensive,Grocery Stores,61.85,44755030016,8067999744.0,-0.006,Cincinnati,OH,United States,414000.0,0.0008051995804427,False
NDAQ,"Nasdaq, Inc.","Nasdaq, Inc.",Financial Services,Financial Data & Stock Exchanges,77.7,44658696192,2512000000.0,0.311,New York,NY,United States,9120.0,0.0008034664131397,True
OXY,Occidental Petroleum Corporatio,Occidental Petroleum Corporation,Energy,Oil & Gas E&P,47.13,44224106496,12931000320.0,0.002,Houston,TX,United States,12570.0,0.0007956475949921,False
EW,Edwards Lifesciences Corporatio,Edwards Lifesciences Corporation,Healthcare,Medical Devices,74.81,44122935296,2052400000.0,0.089,Irvine,CA,United States,19800.0,0.0007938273971783,False
COR,"Cencora, Inc.","Cencora, Inc.",Healthcare,Medical Distribution,227.69,44007923712,4303009792.0,0.147,Conshohocken,PA,United States,46000.0,0.0007917581933559,False
KDP,Keurig Dr Pepper Inc.,Keurig Dr Pepper Inc.,Consumer Defensive,Beverages - Non-Alcoholic,32.37,43908288512,4230000128.0,0.023,Burlington,MA,United States,28100.0,0.0007899656301242,False
FIS,Fidelity National Information S,"Fidelity National Information Services, Inc.",Technology,Information Technology Services,81.46,43854315520,3571000064.0,0.031,Jacksonville,FL,United States,60000.0,0.000788994587752,False
KMB,Kimberly-Clark Corporation,Kimberly-Clark Corporation,Consumer Defensive,Household & Personal Products,131.32,43793252352,3897999872.0,-0.035,Dallas,TX,United States,41000.0,0.0007878959841485,False
NEM,Newmont Corporation,Newmont Corporation,Basic Materials,Gold,38.28,43579867136,6008999936.0,0.847,Denver,CO,United States,21700.0,0.0007840569142979,False
DFS,Discover Financial Services,Discover Financial Services,Financial Services,Credit Services,173.16,43475628032,,0.605,Riverwoods,IL,United States,21100.0,0.0007821815210119,True
PCG,Pacific Gas & Electric Co.,PG&E Corporation,Utilities,Utilities - Regulated Electric,19.82,43475365888,9317999616.0,0.009,Oakland,CA,United States,28010.0,0.0007821768047099,False
TEL,TE Connectivity plc,TE Connectivity plc,Technology,Electronic Components,143.67,42980601856,3761999872.0,0.008,Ballybrit,,Ireland,87000.0,0.0007732753741703,False
MPC,Marathon Petroleum Corporation,Marathon Petroleum Corporation,Energy,Oil & Gas Refining & Marketing,133.38,42866864128,10341000192.0,-0.148,Findlay,OH,United States,18200.0,0.000771229088628,False
FAST,Fastenal Company,Fastenal Company,Industrials,Industrial Distribution,74.82,42863333376,1693200000.0,0.035,Winona,MN,United States,20894.0,0.0007711655659351,True
AME,"AMETEK, Inc.","AMETEK, Inc.",Industrials,Specialty Industrial Machinery,183.36,42412634112,2138388992.0,0.053,Berwyn,PA,United States,21500.0,0.0007630569162894,False
PEG,Public Service Enterprise Group,Public Service Enterprise Group Incorporated,Utilities,Utilities - Regulated Electric,85.06,42379018240,4044999936.0,0.076,Newark,NJ,United States,12543.0,0.0007624521242466,True
PRU,"Prudential Financial, Inc.","Prudential Financial, Inc.",Financial Services,Insurance - Life,117.83,41939349504,5557333504.0,1.334,Newark,NJ,United States,40366.0,0.0007545419277473,False
KVUE,Kenvue Inc.,Kenvue Inc.,Consumer Defensive,Household & Personal Products,21.77,41738752000,3454000128.0,-0.004,Skillman,NJ,United States,22000.0,0.000750932925005,False
STZ,"Constellation Brands, Inc.","Constellation Brands, Inc.",Consumer Defensive,Beverages - Brewers,227.63,41334652928,3887300096.0,0.029,Victor,NY,United States,10600.0,0.000743662671737,True
GLW,Corning Incorporated,Corning Incorporated,Technology,Electronic Components,47.31,40507248640,2607000064.0,0.069,Corning,NY,United States,49800.0,0.0007287766223853,True
LHX,"L3Harris Technologies, Inc.","L3Harris Technologies, Inc.",Industrials,Aerospace & Defense,213.55,40503603200,3705999872.0,0.077,Melbourne,FL,United States,50000.0,0.0007287110363103,False
GRMN,Garmin Ltd.,Garmin Ltd.,Technology,Scientific & Technical Instruments,208.99,40131305472,1596897024.0,0.241,Schaffhausen,,Switzerland,19900.0,0.000722012929432,False
BKR,Baker Hughes Company,Baker Hughes Company,Energy,Oil & Gas Equipment & Services,40.32,39897690112,4336999936.0,0.04,Houston,TX,United States,57000.0,0.0007178098937109,True
CBRE,CBRE Group Inc,"CBRE Group, Inc.",Real Estate,Real Estate Services,129.16,39525285888,2213600000.0,0.148,Dallas,TX,United States,130000.0,0.000711109870835,False
CTVA,"Corteva, Inc.","Corteva, Inc.",Basic Materials,Agricultural Inputs,57.48,39505600512,3014000128.0,-0.102,Indianapolis,IN,United States,22500.0,0.0007107557060296,False
HES,Hess Corporation,Hess Corporation,Energy,Oil & Gas E&P,128.19,39497650176,6984999936.0,0.133,New York,NY,United States,1756.0,0.0007106126694322,False
CCI,Crown Castle Inc.,Crown Castle Inc.,Real Estate,REIT - Specialty,90.66,39400656896,3993999872.0,-0.009,Houston,TX,United States,4700.0,0.0007088676376819,False
DAL,"Delta Air Lines, Inc.","Delta Air Lines, Inc.",Industrials,Airlines,60.93,39316971520,8415000064.0,0.012,Atlanta,GA,United States,100000.0,0.0007073620319518,False
CTSH,Cognizant Technology Solutions ,Cognizant Technology Solutions Corporation,Technology,Information Technology Services,79.23,39284137984,3470000128.0,0.03,Teaneck,NJ,United States,340100.0,0.0007067713151228,False
F,Ford Motor Company,Ford Motor Company,Consumer Cyclical,Auto Manufacturers,9.88,39265984512,9360000000.0,0.055,Dearborn,MI,United States,177000.0,0.0007064447112074,False
VRSK,"Verisk Analytics, Inc.","Verisk Analytics, Inc.",Industrials,Consulting Services,276.86,39095676928,1363000064.0,0.07,Jersey City,NJ,United States,7500.0,0.0007033806624259,True
EA,Electronic Arts Inc.,Electronic Arts Inc.,Communication Services,Electronic Gaming & Multimedia,147.8,38763950080,1890000000.0,0.058,Redwood City,CA,United States,13700.0,0.0006974124769787,True
ODFL,"Old Dominion Freight Line, Inc.","Old Dominion Freight Line, Inc.",Industrials,Trucking,181.37,38722129920,1971409024.0,-0.03,Thomasville,NC,United States,22686.0,0.0006966600794209,False
XEL,Xcel Energy Inc.,Xcel Energy Inc.,Utilities,Utilities - Regulated Electric,67.4,38703910912,5510000128.0,-0.005,Minneapolis,MN,United States,11311.0,0.0006963322964299,False
TRGP,"Targa Resources, Inc.",Targa Resources Corp.,Energy,Oil & Gas Midstream,176.79,38551359488,4021700096.0,-0.012,Houston,TX,United States,3182.0,0.0006935877034187,False
A,"Agilent Technologies, Inc.","Agilent Technologies, Inc.",Healthcare,Diagnostics & Research,134.51,38415384576,1564000000.0,-0.056,Santa Clara,CA,United States,17400.0,0.0006911413428185,False
IT,"Gartner, Inc.","Gartner, Inc.",Technology,Information Technology Services,491.25,37892227072,1298909952.0,0.054,Stamford,CT,United States,20990.0,0.0006817290778155,False
LVS,Las Vegas Sands Corp.,Las Vegas Sands Corp.,Consumer Cyclical,Resorts & Casinos,52.25,37882609664,3863000064.0,-0.04,Las Vegas,NV,United States,38400.0,0.0006815560484848,False
SYY,Sysco Corporation,Sysco Corporation,Consumer Defensive,Food Distribution,76.97,37809664000,4410999808.0,0.044,Houston,TX,United States,76000.0,0.0006802436637534,False
VLO,Valero Energy Corporation,Valero Energy Corporation,Energy,Oil & Gas Refining & Marketing,118.59,37543813120,7816000000.0,-0.152,San Antonio,TX,United States,9886.0,0.0006754606702673,True
OTIS,Otis Worldwide Corporation,Otis Worldwide Corporation,Industrials,Specialty Industrial Machinery,93.56,37373571072,2507000064.0,0.007,Farmington,CT,United States,71000.0,0.0006723978005614,False
LEN,Lennar Corporation,Lennar Corporation,Consumer Cyclical,Residential Construction,138.08,37306593280,5534482944.0,0.079,Miami,FL,United States,12284.0,0.0006711927853933,True
EXC,Exelon Corporation,Exelon Corporation,Utilities,Utilities - Regulated Electric,37.02,37198807040,7148000256.0,0.029,Chicago,IL,United States,19962.0,0.0006692535746455,False
IR,Ingersoll Rand Inc.,Ingersoll Rand Inc.,Industrials,Specialty Industrial Machinery,92.28,37189947392,1901100032.0,0.07,Davidson,NC,United States,18000.0,0.0006690941783754,True
YUM,"Yum! Brands, Inc.","Yum! Brands, Inc.",Consumer Cyclical,Restaurants,132.36,36937969664,2608000000.0,0.069,Louisville,KY,United States,35000.0,0.0006645607804357,False
KHC,The Kraft Heinz Company,The Kraft Heinz Company,Consumer Defensive,Packaged Foods,30.52,36903870464,6446000128.0,-0.028,Pittsburgh,PA,United States,36000.0,0.000663947292711,False
GEHC,GE HealthCare Technologies Inc.,GE HealthCare Technologies Inc.,Healthcare,Health Information Services,78.91,36051849216,3571000064.0,0.009,Chicago,IL,United States,51000.0,0.000648618353122,False
IQV,"IQVIA Holdings, Inc.",IQVIA Holdings Inc.,Healthcare,Diagnostics & Research,197.27,35804504064,2827000064.0,0.043,Durham,NC,United States,88000.0,0.0006441683010822,True
GIS,"General Mills, Inc.","General Mills, Inc.",Consumer Defensive,Packaged Foods,63.61,35063803904,4214599936.0,-0.012,Minneapolis,MN,United States,34000.0,0.0006308421686262,True
CCL,Carnival Corporation,Carnival Corporation & plc,Consumer Cyclical,Travel Services,26.8,35054399488,5878000128.0,0.152,Miami,FL,United States,106000.0,0.000630672971291,True
RMD,ResMed Inc.,ResMed Inc.,Healthcare,Medical Instruments & Supplies,237.27,34830286848,1632185984.0,0.111,San Diego,CA,United States,,0.0006266409015183,False
VMC,Vulcan Materials Company (Holdi,Vulcan Materials Company,Basic Materials,Building Materials,263.13,34749210624,1985699968.0,-0.083,Birmingham,AL,United States,10961.0,0.0006251822377318,False
HSY,The Hershey Company,The Hershey Company,Consumer Defensive,Confectioners,170.26,34452963328,2952748032.0,-0.014,Hershey,PA,United States,18650.0,0.0006198523742872,False
ACGL,Arch Capital Group Ltd.,Arch Capital Group Ltd.,Financial Services,Insurance - Diversified,90.99,34234257408,5171999744.0,0.418,Pembroke,,Bermuda,6400.0,0.0006159175782439,False
IDXX,"IDEXX Laboratories, Inc.","IDEXX Laboratories, Inc.",Healthcare,Diagnostics & Research,412.26,33757788160,1299420032.0,0.066,Westbrook,ME,United States,11000.0,0.0006073452940013,False
WAB,Westinghouse Air Brake Technolo,Westinghouse Air Brake Technologies Corporation,Industrials,Railroads,193.03,33179926528,2110000000.0,0.044,Pittsburgh,PA,United States,29000.0,0.000596948832565,False
ROK,"Rockwell Automation, Inc.","Rockwell Automation, Inc.",Industrials,Specialty Industrial Machinery,289.79,32755834880,1613699968.0,-0.206,Milwaukee,WI,United States,27000.0,0.0005893188875752,False
MLM,"Martin Marietta Materials, Inc.","Martin Marietta Materials, Inc.",Basic Materials,Building Materials,533.69,32618119168,1945500032.0,-0.053,Raleigh,NC,United States,9400.0,0.0005868412077818,False
EXR,Extra Space Storage Inc,Extra Space Storage Inc.,Real Estate,REIT - Industrial,147.0,32422465536,2260791040.0,0.12,Salt Lake City,UT,United States,7618.0,0.0005833211515481,False
DD,"DuPont de Nemours, Inc.","DuPont de Nemours, Inc.",Basic Materials,Specialty Chemicals,77.28,32299563008,2977999872.0,0.044,Wilmington,DE,United States,24000.0,0.0005811099796654,False
ETR,Entergy Corporation,Entergy Corporation,Utilities,Utilities - Regulated Electric,75.13,32216944640,4596974080.0,-0.057,New Orleans,LA,United States,12000.0,0.0005796235707584,False
DECK,Deckers Outdoor Corporation,Deckers Outdoor Corporation,Consumer Cyclical,Footwear & Accessories,210.97,32050984960,1145432064.0,0.201,Goleta,CA,United States,4800.0,0.0005766377462676,False
EFX,"Equifax, Inc.",Equifax Inc.,Industrials,Consulting Services,258.43,32032915456,1697699968.0,0.093,Atlanta,GA,United States,15000.0,0.0005763126530427,True
UAL,"United Airlines Holdings, Inc.","United Airlines Holdings, Inc.",Industrials,Airlines,97.4,32032522240,7482999808.0,0.025,Chicago,IL,United States,106500.0,0.0005763055785896,True
WTW,Willis Towers Watson Public Lim,Willis Towers Watson Public Limited Company,Financial Services,Insurance Brokers,317.57,31987238912,2580999936.0,0.057,London,,United Kingdom,48000.0,0.0005754908742605,True
TTWO,"Take-Two Interactive Software, ","Take-Two Interactive Software, Inc.",Communication Services,Electronic Gaming & Multimedia,181.97,31958847488,165600000.0,0.041,New York,NY,United States,12371.0,0.0005749800766432,True
HIG,Hartford Financial Services Gro,"The Hartford Financial Services Group, Inc.",Financial Services,Insurance - Property & Casualty,109.47,31734368256,4254000128.0,0.095,Hartford,CT,United States,18700.0,0.000570941411417,True
RJF,"Raymond James Financial, Inc.","Raymond James Financial, Inc.",Financial Services,Asset Management,155.05,31637176320,,0.132,Saint Petersburg,FL,United States,,0.0005691928055941,True
AVB,"AvalonBay Communities, Inc.","AvalonBay Communities, Inc.",Real Estate,REIT - Residential,222.17,31600791552,1808050944.0,0.094,Arlington,VA,United States,2978.0,0.0005685381976111,False
MTB,M&T Bank Corporation,M&T Bank Corporation,Financial Services,Banks - Regional,189.48,31438708736,,0.012,Buffalo,NY,United States,21986.0,0.0005656221228058,False
DXCM,"DexCom, Inc.","DexCom, Inc.",Healthcare,Medical Devices,80.04,31263223808,840400000.0,0.02,San Diego,CA,United States,9500.0,0.0005624649270593,True
ED,"Consolidated Edison, Inc.","Consolidated Edison, Inc.",Utilities,Utilities - Regulated Electric,90.03,31191611392,5555999744.0,0.057,New York,NY,United States,14592.0,0.0005611765291452,True
EBAY,eBay Inc.,eBay Inc.,Consumer Cyclical,Internet Retail,65.01,31139790848,2619000064.0,0.03,San Jose,CA,United States,12300.0,0.0005602442120342,False
HPQ,HP Inc.,HP Inc.,Technology,Computer Hardware,32.94,30891065344,5045000192.0,0.024,Palo Alto,CA,United States,58000.0,0.0005557693257165,False
IRM,Iron Mountain Incorporated (Del,Iron Mountain Incorporated,Real Estate,REIT - Specialty,105.1,30842646528,2001980032.0,0.122,Portsmouth,NH,United States,27000.0,0.0005548982099936,True
EIX,Edison International,Edison International,Utilities,Utilities - Regulated Electric,79.52,30786168832,6444000256.0,0.106,Rosemead,CA,United States,14375.0,0.0005538821048293,True
LYV,"Live Nation Entertainment, Inc.","Live Nation Entertainment, Inc.",Communication Services,Entertainment,133.28,30734235648,1534734976.0,-0.062,Beverly Hills,CA,United States,14700.0,0.0005529477611823,False
VICI,VICI Properties Inc.,VICI Properties Inc.,Real Estate,REIT - Diversified,28.79,30349555712,3661391104.0,0.067,New York,NY,United States,28.0,0.0005460268827255,False
CNC,Centene Corporation,Centene Corporation,Healthcare,Healthcare Plans,59.58,30079856640,5919000064.0,0.061,Saint Louis,MO,United States,67700.0,0.0005411746553995,False
WEC,"WEC Energy Group, Inc.","WEC Energy Group, Inc.",Utilities,Utilities - Regulated Electric,94.5,29895450624,3489200128.0,-0.048,Milwaukee,WI,United States,7000.0,0.0005378569579996,True
MCHP,Microchip Technology Incorporat,Microchip Technology Incorporated,Technology,Semiconductors,55.51,29809422336,1950800000.0,-0.484,Chandler,AZ,United States,22300.0,0.0005363092003201,False
HUM,Humana Inc.,Humana Inc.,Healthcare,Healthcare Plans,247.1,29753559040,3779000064.0,0.113,Louisville,KY,United States,67600.0,0.0005353041489888,False
ANSS,"ANSYS, Inc.","ANSYS, Inc.",Technology,Software - Application,338.38,29591330816,836108992.0,0.312,Canonsburg,PA,United States,6400.0,0.0005323854581097,True
BRO,"Brown & Brown, Inc.","Brown & Brown, Inc.",Financial Services,Insurance Brokers,102.93,29433659392,1528300032.0,0.099,Daytona Beach,FL,United States,16152.0,0.0005295487498245,True
CSGP,"CoStar Group, Inc.","CoStar Group, Inc.",Real Estate,Real Estate Services,71.44,29287542784,170300000.0,0.109,Washington,DC,United States,6450.0,0.0005269199272896,True
MPWR,"Monolithic Power Systems, Inc.","Monolithic Power Systems, Inc.",Technology,Semiconductors,593.22,28937269248,522235008.0,0.306,Kirkland,WA,United States,3564.0,0.0005206180634739,False
GDDY,GoDaddy Inc.,GoDaddy Inc.,Technology,Software - Infrastructure,205.41,28837718016,1015600000.0,0.073,Tempe,AZ,United States,6159.0,0.0005188270109327,True
TSCO,Tractor Supply Company,Tractor Supply Company,Consumer Cyclical,Specialty Retail,53.92,28803792896,1913799040.0,0.016,Brentwood,TN,United States,50000.0,0.0005182166551274,False
STT,State Street Corporation,State Street Corporation,Financial Services,Asset Management,98.2,28787427328,,0.201,Boston,MA,United States,53000.0,0.0005179222178656,False
CAH,"Cardinal Health, Inc.","Cardinal Health, Inc.",Healthcare,Medical Distribution,118.28,28624943104,2924000000.0,-0.043,Dublin,OH,United States,47922.0,0.0005149989212228,False
GPN,Global Payments Inc.,Global Payments Inc.,Industrials,Specialty Business Services,112.03,28511076352,4356144128.0,0.051,Atlanta,GA,United States,27000.0,0.0005129503143756,True
FITB,Fifth Third Bancorp,Fifth Third Bancorp,Financial Services,Banks - Regional,42.93,28500453376,,-0.03,Cincinnati,OH,United States,18579.0,0.0005127591936052,False
XYL,Xylem Inc.,Xylem Inc.,Industrials,Specialty Industrial Machinery,117.14,28458575872,1688999936.0,0.013,Washington,DC,United States,23000.0,0.0005120057643563,True
HPE,Hewlett Packard Enterprise Comp,Hewlett Packard Enterprise Company,Technology,Communication Equipment,21.61,28424284160,4909000192.0,0.101,Spring,TX,United States,62000.0,0.0005113888130973,True
KEYS,Keysight Technologies Inc.,"Keysight Technologies, Inc.",Technology,Scientific & Technical Instruments,163.22,28265295872,1187000064.0,-0.119,Santa Rosa,CA,United States,15400.0,0.0005085284127635,False
DOW,Dow Inc.,Dow Inc.,Basic Materials,Chemicals,39.94,27961675776,4851999744.0,0.014,Midland,MI,United States,35900.0,0.0005030659033244,False
EQR,Equity Residential,Equity Residential,Real Estate,REIT - Residential,71.35,27904485376,1796182016.0,0.034,Chicago,IL,United States,2400.0,0.000502036975714,True
ON,ON Semiconductor Corporation,ON Semiconductor Corporation,Technology,Semiconductors,65.5,27889702912,2716600064.0,-0.192,Scottsdale,AZ,United States,30000.0,0.000501771020495,True
PPG,"PPG Industries, Inc.","PPG Industries, Inc.",Basic Materials,Specialty Chemicals,120.21,27888719872,2870000128.0,-0.015,Pittsburgh,PA,United States,53000.0,0.0005017533343624,True
K,Kellanova,Kellanova,Consumer Defensive,Packaged Foods,80.5,27748188160,2032000000.0,-0.007,Chicago,IL,United States,23000.0,0.0004992249911683,True
SW,Smurfit WestRock plc,Smurfit Westrock Plc,Consumer Cyclical,Packaging & Containers,53.28,27713910784,2172999936.0,1.632,Dublin,,Ireland,100000.0,0.0004986082978321,False
NUE,Nucor Corporation,Nucor Corporation,Basic Materials,Steel,116.58,27374499840,4940151808.0,-0.152,Charlotte,NC,United States,32000.0,0.0004925018657817,False
EL,"Estee Lauder Companies, Inc. (T",The Estée Lauder Companies Inc.,Consumer Defensive,Household & Personal Products,74.36,26693603328,2438000128.0,-0.045,New York,NY,United States,44020.0,0.0004802516765719,True
BR,"Broadridge Financial Solutions,","Broadridge Financial Solutions, Inc.",Technology,Information Technology Services,226.01,26418081792,1545799936.0,-0.006,Lake Success,NY,United States,14000.0,0.0004752946957563,False
WBD,"Warner Bros. Discovery, Inc. - ","Warner Bros. Discovery, Inc.",Communication Services,Entertainment,10.69,26224386048,7144999936.0,-0.036,New York,NY,United States,35300.0,0.0004718098644033,False
TPL,Texas Pacific Land Corporation,Texas Pacific Land Corporation,Energy,Oil & Gas E&P,1133.12,26033317888,548542016.0,0.099,Dallas,TX,United States,100.0,0.000468372306609,False
CHD,"Church & Dwight Company, Inc.","Church & Dwight Co., Inc.",Consumer Defensive,Household & Personal Products,106.1,25994287104,1330099968.0,0.038,Ewing,NJ,United States,5550.0,0.0004676700934524,False
MTD,"Mettler-Toledo International, I",Mettler-Toledo International Inc.,Healthcare,Diagnostics & Research,1230.74,25971937280,1142445056.0,0.013,Columbus,OH,United States,16000.0,0.0004672679918584,True
DOV,Dover Corporation,Dover Corporation,Industrials,Specialty Industrial Machinery,189.27,25966329856,1765938048.0,0.013,Downers Grove,IL,United States,25000.0,0.0004671671072103,True
TYL,"Tyler Technologies, Inc.","Tyler Technologies, Inc.",Technology,Software - Application,605.42,25911128064,368943008.0,0.098,Plano,TX,United States,7386.0,0.0004661739571724,False
FTV,Fortive Corporation,Fortive Corporation,Technology,Scientific & Technical Instruments,74.45,25830350848,1698499968.0,0.027,Everett,WA,United States,18000.0,0.0004647206729179,False
TROW,"T. Rowe Price Group, Inc.","T. Rowe Price Group, Inc.",Financial Services,Asset Management,116.12,25797103616,2648399872.0,0.069,Baltimore,MD,United States,8104.0,0.0004641225131748,False
VLTO,Veralto Corp,Veralto Corporation,Industrials,Pollution & Treatment Controls,104.25,25781858304,1264999936.0,0.047,Waltham,MA,United States,16000.0,0.000463848230735,True
EQT,EQT Corporation,EQT Corporation,Energy,Oil & Gas E&P,42.99,25651447808,2601137920.0,0.195,Pittsburgh,PA,United States,881.0,0.0004615019810145,True
SYF,Synchrony Financial,Synchrony Financial,Financial Services,Credit Services,65.45,25482563584,,0.116,Stamford,CT,United States,20000.0,0.0004584635402792,True
NVR,"NVR, Inc.","NVR, Inc.",Consumer Cyclical,Residential Construction,8276.78,25359060992,2071504000.0,0.06,Reston,VA,United States,6300.0,0.0004562415724864,False
DTE,DTE Energy Company,DTE Energy Company,Utilities,Utilities - Regulated Electric,120.18,24889397248,3448000000.0,0.006,Detroit,MI,United States,9412.0,0.000447791727866,True
VTR,"Ventas, Inc.","Ventas, Inc.",Real Estate,REIT - Healthcare Facilities,58.76,24650465280,1857009024.0,0.08,Chicago,IL,United States,486.0,0.0004434930396444,False
AWK,"American Water Works Company, I","American Water Works Company, Inc.",Utilities,Utilities - Regulated Water,125.92,24541052928,2408000000.0,0.134,Camden,NJ,United States,6500.0,0.0004415245730856,False
ADM,Archer-Daniels-Midland Company,Archer-Daniels-Midland Company,Consumer Defensive,Farm Products,50.49,24161183744,3988000000.0,-0.117,Chicago,IL,United States,40213.0,0.0004346902461402,True
NTAP,"NetApp, Inc.","NetApp, Inc.",Technology,Computer Hardware,118.45,24081594368,1582000000.0,0.076,San Jose,CA,United States,11800.0,0.0004332583326292,True
WST,"West Pharmaceutical Services, I","West Pharmaceutical Services, Inc.",Healthcare,Medical Instruments & Supplies,331.4,24000782336,744700032.0,-0.001,Exton,PA,United States,10600.0,0.0004318044219908,True
CPAY,"Corpay, Inc.","Corpay, Inc.",Technology,Software - Infrastructure,343.83,23968733184,2066438016.0,0.06,Atlanta,GA,United States,10500.0,0.0004312278172218,False
PPL,PPL Corporation,PPL Corporation,Utilities,Utilities - Regulated Electric,32.43,23932366848,3276000000.0,0.011,Allentown,PA,United States,6629.0,0.0004305735408538,True
LYB,LyondellBasell Industries NV,LyondellBasell Industries N.V.,Basic Materials,Specialty Chemicals,73.5,23869638656,4421000192.0,-0.029,Houston,TX,United States,20000.0,0.0004294449813631,False
AEE,Ameren Corporation,Ameren Corporation,Utilities,Utilities - Regulated Electric,89.29,23834001408,3264000000.0,0.056,Saint Louis,MO,United States,9372.0,0.0004288038222101,False
EXPE,"Expedia Group, Inc.","Expedia Group, Inc.",Consumer Cyclical,Travel Services,184.75,23711924224,1720000000.0,0.033,Seattle,WA,United States,17100.0,0.0004266074993096,True
HBAN,Huntington Bancshares Incorpora,Huntington Bancshares Incorporated,Financial Services,Banks - Regional,16.32,23709857792,,-0.012,Columbus,OH,United States,19896.0,0.000426570321585,False
CDW,CDW Corporation,CDW Corporation,Technology,Information Technology Services,174.53,23258566656,1996300032.0,-0.02,Vernon Hills,IL,United States,15100.0,0.0004184510234137,False
FE,FirstEnergy Corp.,FirstEnergy Corp.,Utilities,Utilities - Regulated Electric,39.79,22931654656,3924000000.0,0.069,Akron,OH,United States,12042.0,0.0004125694631702,False
HUBB,Hubbell Inc,Hubbell Incorporated,Industrials,Electrical Equipment & Parts,426.8,22906568704,1266200064.0,0.049,Shelton,CT,United States,18000.0,0.0004121181351738,False
HAL,Halliburton Company,Halliburton Company,Energy,Oil & Gas Equipment & Services,25.97,22814697472,5112000000.0,-0.018,Houston,TX,United States,48000.0,0.0004104652555436,False
ROL,"Rollins, Inc.","Rollins, Inc.",Consumer Cyclical,Personal Services,46.92,22723590144,757598016.0,0.09,Atlanta,GA,United States,20000.0,0.0004088261195123,False
PHM,"PulteGroup, Inc.","PulteGroup, Inc.",Consumer Cyclical,Residential Construction,110.52,22665662464,3788722944.0,0.118,Atlanta,GA,United States,6382.0,0.0004077839273025,True
CINF,Cincinnati Financial Corporatio,Cincinnati Financial Corporation,Financial Services,Insurance - Property & Casualty,144.57,22598461440,4062000128.0,0.833,Fairfield,OH,United States,5426.0,0.0004065748959085,False
PTC,PTC Inc.,PTC Inc.,Technology,Software - Application,187.58,22533797888,698484992.0,0.146,Boston,MA,United States,7000.0,0.0004054115168442,False
WRB,W.R. Berkley Corporation,W. R. Berkley Corporation,Financial Services,Insurance - Property & Casualty,58.57,22319210496,,0.122,Greenwich,CT,United States,8329.0,0.0004015508183273,True
DRI,"Darden Restaurants, Inc.","Darden Restaurants, Inc.",Consumer Cyclical,Restaurants,187.59,22041825280,1789500032.0,0.01,Orlando,FL,United States,191105.0,0.000396560307552,False
FOXA,Fox Corporation,Fox Corporation,Communication Services,Entertainment,49.53,21946050560,3025999872.0,0.111,New York,NY,United States,10200.0,0.000394837199237,True
FOX,Fox Corporation,Fox Corporation,Communication Services,Entertainment,46.65,21941315584,3025999872.0,0.111,New York,NY,United States,10200.0,0.0003947520110316,True
IFF,International Flavors & Fragran,International Flavors & Fragrances Inc.,Basic Materials,Specialty Chemicals,85.74,21922174976,1876000000.0,0.037,New York,NY,United States,21500.0,0.0003944076472914,True
SBAC,SBA Communications Corporation,SBA Communications Corporation,Real Estate,REIT - Specialty,203.57,21888458752,1785819008.0,-0.022,Boca Raton,FL,United States,1787.0,0.0003938010497892,False
WAT,Waters Corporation,Waters Corporation,Healthcare,Diagnostics & Research,368.16,21859942400,1008035008.0,0.04,Milford,MA,United States,7900.0,0.0003932880045592,False
ERIE,Erie Indemnity Company,Erie Indemnity Company,Financial Services,Insurance Brokers,416.48,21777698816,710918720.0,0.164,Erie,PA,United States,6481.0,0.0003918083384902,False
TDY,Teledyne Technologies Incorpora,Teledyne Technologies Incorporated,Technology,Scientific & Technical Instruments,467.25,21774923776,1346000000.0,0.029,Thousand Oaks,CA,United States,14900.0,0.0003917584120117,False
ATO,Atmos Energy Corporation,Atmos Energy Corporation,Utilities,Utilities - Regulated Gas,139.69,21710899200,1991972992.0,0.059,Dallas,TX,United States,5019.0,0.0003906065289337,False
RF,Regions Financial Corporation,Regions Financial Corporation,Financial Services,Banks - Regional,23.77,21603698688,,0.156,Birmingham,AL,United States,20101.0,0.0003886778561732,True
BIIB,Biogen Inc.,Biogen Inc.,Healthcare,Drug Manufacturers - General,146.47,21343463424,2884999936.0,-0.025,Cambridge,MA,United States,7570.0,0.0003839958947196,False
ZBH,"Zimmer Biomet Holdings, Inc.","Zimmer Biomet Holdings, Inc.",Healthcare,Medical Devices,107.12,21324808192,2557400064.0,0.04,Warsaw,IN,United States,18000.0,0.0003836602635073,False
CNP,"CenterPoint Energy, Inc (Holdin","CenterPoint Energy, Inc.",Utilities,Utilities - Regulated Electric,32.54,21207195648,3081999872.0,-0.002,Houston,TX,United States,8827.0,0.0003815442651257,False
MKC,"McCormick & Company, Incorporat","McCormick & Company, Incorporated",Consumer Defensive,Packaged Foods,78.86,21156954112,1270200064.0,-0.003,Hunt Valley,MD,United States,13800.0,0.0003806403563652,False
ES,Eversource Energy (D/B/A),Eversource Energy,Utilities,Utilities - Regulated Electric,56.95,20866592768,4149131008.0,0.097,Springfield,MA,United States,10000.0,0.0003754163886395,False
WDC,Western Digital Corporation,Western Digital Corporation,Technology,Computer Hardware,60.24,20825450496,2134000000.0,,San Jose,CA,United States,51000.0,0.0003746761871439,True
TSN,"Tyson Foods, Inc.","Tyson Foods, Inc.",Consumer Defensive,Farm Products,58.02,20665157632,3144000000.0,0.016,Springdale,AR,United States,138000.0,0.0003717923158384,True
TER,"Teradyne, Inc.","Teradyne, Inc.",Technology,Semiconductor Equipment & Materials,125.95,20512342016,640716992.0,0.048,North Reading,MA,United States,6400.0,0.000369042969679,False
STE,STERIS plc (Ireland),STERIS plc,Healthcare,Medical Devices,207.49,20480778240,1325649024.0,0.073,Mentor,OH,United States,18000.0,0.000368475097438,False
PKG,Packaging Corporation of Americ,Packaging Corporation of America,Consumer Cyclical,Packaging & Containers,227.98,20473718784,1624999936.0,0.127,Lake Forest,IL,United States,14900.0,0.0003683480888982,True
CLX,Clorox Company (The),The Clorox Company,Consumer Defensive,Household & Personal Products,164.44,20354547712,1371000064.0,0.271,Oakland,CA,United States,7400.0,0.0003662040506272,True
NTRS,Northern Trust Corporation,Northern Trust Corporation,Financial Services,Asset Management,102.48,20313380864,,0.145,Chicago,IL,United States,23300.0,0.0003654634069783,False
ZBRA,Zebra Technologies Corporation,Zebra Technologies Corporation,Technology,Communication Equipment,393.04,20273004544,803000000.0,0.313,Lincolnshire,IL,United States,9750.0,0.0003647369859277,False
DVN,Devon Energy Corporation,Devon Energy Corporation,Energy,Oil & Gas E&P,30.77,20212811776,7622000128.0,-0.102,Oklahoma City,OK,United States,1900.0,0.0003636540419207,False
CBOE,"Cboe Global Markets, Inc.","Cboe Global Markets, Inc.",Financial Services,Financial Data & Stock Exchanges,191.61,20058884096,1290400000.0,0.162,Chicago,IL,United States,1647.0,0.0003608846883238,False
WY,Weyerhaeuser Company,Weyerhaeuser Company,Real Estate,REIT - Specialty,27.5,19981004800,1234000000.0,-0.169,Seattle,WA,United States,9300.0,0.0003594835413143,False
LUV,Southwest Airlines Company,Southwest Airlines Co.,Industrials,Airlines,33.28,19959246848,1682000000.0,0.053,Dallas,TX,United States,73463.0,0.000359092088246,False
ULTA,"Ulta Beauty, Inc.","Ulta Beauty, Inc.",Consumer Cyclical,Specialty Retail,430.01,19940638720,1827608064.0,0.009,Bolingbrook,IL,United States,20000.0,0.0003587573044943,False
CMS,CMS Energy Corporation,CMS Energy Corporation,Utilities,Utilities - Regulated Electric,66.61,19902068736,2739000064.0,0.042,Jackson,MI,United States,8356.0,0.0003580633817124,False
INVH,Invitation Homes Inc.,Invitation Homes Inc.,Real Estate,REIT - Residential,32.14,19689156608,1407630976.0,0.058,Dallas,TX,United States,1555.0,0.0003542328233131,True
FSLR,"First Solar, Inc.","First Solar, Inc.",Technology,Solar,182.39,19526307840,1716966016.0,0.108,Tempe,AZ,United States,6700.0,0.0003513029680628,True
BF-B,Brown Forman Inc,Brown-Forman Corporation,Consumer Defensive,Beverages - Wineries & Distilleries,41.28,19369400320,1198000000.0,-0.084,Louisville,KY,United States,5700.0,0.0003484800033764,False
LDOS,"Leidos Holdings, Inc.","Leidos Holdings, Inc.",Technology,Information Technology Services,144.81,19322431488,2056999936.0,0.069,Reston,VA,United States,47000.0,0.0003476349746991,False
CFG,"Citizens Financial Group, Inc.","Citizens Financial Group, Inc.",Financial Services,Banks - Regional,43.45,19148457984,,-0.061,Providence,RI,United States,17329.0,0.0003445049713815,False
LH,Labcorp Holdings Inc.,Labcorp Holdings Inc.,Healthcare,Diagnostics & Research,228.61,19120779264,1673500032.0,0.074,Burlington,NC,United States,67000.0,0.0003440069962104,True
VRSN,"VeriSign, Inc.","VeriSign, Inc.",Technology,Software - Infrastructure,198.84,19108524032,1089200000.0,0.038,Reston,VA,United States,907.0,0.0003437865090906,False
IP,International Paper Company,International Paper Company,Consumer Cyclical,Packaging & Containers,54.45,18916366336,1955000064.0,0.016,Memphis,TN,United States,39000.0,0.0003403293491659,True
ESS,"Essex Property Trust, Inc.","Essex Property Trust, Inc.",Real Estate,REIT - Residential,283.76,18898388992,1109452032.0,0.076,San Mateo,CA,United States,1747.0,0.0003400059140159,True
PODD,Insulet Corporation,Insulet Corporation,Healthcare,Medical Devices,266.57,18698500096,410600000.0,0.257,Acton,MA,United States,3000.0,0.0003364096600275,True
COO,"The Cooper Companies, Inc.","The Cooper Companies, Inc.",Healthcare,Medical Instruments & Supplies,93.44,18649036800,1023000000.0,0.078,San Ramon,CA,United States,15000.0,0.0003355197527887,False
SMCI,"Super Micro Computer, Inc.","Super Micro Computer, Inc.",Technology,Computer Hardware,31.59,18497998848,1304590720.0,1.43,San Jose,CA,United States,,0.0003328023890524,False
STX,Seagate Technology Holdings PLC,Seagate Technology Holdings plc,Technology,Computer Hardware,87.31,18468683776,1211000064.0,0.491,Singapore,,Singapore,30000.0,0.0003322749738397,False
MAA,Mid-America Apartment Communiti,"Mid-America Apartment Communities, Inc.",Real Estate,REIT - Residential,153.4,18401249280,1247618048.0,0.017,Germantown,TN,United States,2427.0,0.0003310617419892,False
FDS,FactSet Research Systems Inc.,FactSet Research Systems Inc.,Financial Services,Financial Data & Stock Exchanges,483.52,18368344064,831163008.0,0.049,Norwalk,CT,United States,12398.0,0.0003304697355464,True
NRG,"NRG Energy, Inc.","NRG Energy, Inc.",Utilities,Utilities - Independent Power Producers,90.45,18322094080,2192999936.0,-0.091,Houston,TX,United States,18131.0,0.0003296376398535,False
BBY,"Best Buy Co., Inc.","Best Buy Co., Inc.",Consumer Cyclical,Specialty Retail,85.55,18290247680,2673999872.0,-0.031,Richfield,MN,United States,85000.0,0.0003290646828493,True
SNA,Snap-On Incorporated,Snap-on Incorporated,Industrials,Tools & Accessories,343.65,18038120448,1480000000.0,-0.005,Kenosha,WI,United States,13200.0,0.0003245285951436,False
L,Loews Corporation,Loews Corporation,Financial Services,Insurance - Property & Casualty,83.19,18017040384,3233999872.0,0.138,New York,NY,United States,12280.0,0.0003241493381376,False
PFG,Principal Financial Group Inc,"Principal Financial Group, Inc.",Financial Services,Asset Management,77.3,17680521216,-15100000.0,-0.345,Des Moines,IA,United States,19800.0,0.0003180949327939,True
STLD,"Steel Dynamics, Inc.","Steel Dynamics, Inc.",Basic Materials,Steel,115.69,17613223936,2689149952.0,-0.054,Fort Wayne,IN,United States,12600.0,0.0003168841696327,False
TRMB,Trimble Inc.,Trimble Inc.,Technology,Scientific & Technical Instruments,71.64,17495060480,737699968.0,-0.085,Westminster,CO,United States,12700.0,0.0003147582596476,False
OMC,Omnicom Group Inc.,Omnicom Group Inc.,Communication Services,Advertising Agencies,88.86,17453082624,2420600064.0,0.085,New York,NY,United States,75900.0,0.0003140030249393,True
CTRA,Coterra Energy Inc.,Coterra Energy Inc.,Energy,Oil & Gas E&P,23.68,17439016960,3448999936.0,-0.05,Houston,TX,United States,894.0,0.0003137499658587,False
HRL,Hormel Foods Corporation,Hormel Foods Corporation,Consumer Defensive,Packaged Foods,31.68,17392732160,1353831040.0,-0.022,Austin,MN,United States,20000.0,0.0003129172437819,True
ARE,Alexandria Real Estate Equities,"Alexandria Real Estate Equities, Inc.",Real Estate,REIT - Office,99.17,17331146752,1905123968.0,0.109,Pasadena,CA,United States,568.0,0.0003118092444204,False
BLDR,"Builders FirstSource, Inc.","Builders FirstSource, Inc.",Industrials,Building Products & Equipment,150.5,17320292352,2349128960.0,-0.067,Irving,TX,United States,29000.0,0.0003116139600395,True
JBHT,"J.B. Hunt Transport Services, I","J.B. Hunt Transport Services, Inc.",Industrials,Integrated Freight & Logistics,170.23,17164290048,1577556992.0,-0.03,Lowell,AR,United States,34718.0,0.0003088072813336,True
GEN,Gen Digital Inc.,Gen Digital Inc.,Technology,Software - Infrastructure,27.83,17151517696,1808999936.0,0.031,Tempe,AZ,United States,3400.0,0.0003085774905711,False
DGX,Quest Diagnostics Incorporated,Quest Diagnostics Incorporated,Healthcare,Diagnostics & Research,153.1,17088257024,1804999936.0,0.084,Secaucus,NJ,United States,50000.0,0.000307439351092,False
KEY,KeyCorp,KeyCorp,Financial Services,Banks - Regional,17.09,16941026304,,-0.602,Cleveland,OH,United States,16734.0,0.0003047904842734,False
NI,NiSource Inc,NiSource Inc.,Utilities,Utilities - Regulated Gas,36.17,16883395584,2324999936.0,0.048,Merrillville,IN,United States,7364.0,0.0003037536347495,False
MOH,Molina Healthcare Inc,"Molina Healthcare, Inc.",Healthcare,Healthcare Plans,294.73,16858556416,1814000000.0,0.174,Long Beach,CA,United States,18000.0,0.0003033067467093,False
PNR,Pentair plc.,Pentair plc,Industrials,Specialty Industrial Machinery,101.95,16845300736,978700032.0,-0.015,London,,United Kingdom,10500.0,0.000303068260265,False
J,Jacobs Solutions Inc.,Jacobs Solutions Inc.,Industrials,Engineering & Construction,135.75,16835307520,1476304000.0,0.011,Dallas,TX,United States,60000.0,0.0003028884696732,False
DG,Dollar General Corporation,Dollar General Corporation,Consumer Defensive,Discount Stores,76.4,16802347008,3025478912.0,0.042,Goodlettsville,TN,United States,185800.0,0.0003022954683855,True
BALL,Ball Corporation,Ball Corporation,Consumer Cyclical,Packaging & Containers,55.8,16652169216,2092999936.0,-0.009,Westminster,CO,United States,21000.0,0.0002995935800152,False
NWS,News Corporation,News Corporation,Communication Services,Entertainment,30.7,16374949888,1270000000.0,0.031,New York,NY,United States,23900.0,0.0002946060537748,False
NWSA,News Corporation,News Corporation,Communication Services,Entertainment,27.86,16357357568,1270000000.0,0.031,New York,NY,United States,23900.0,0.0002942895456934,False
UDR,"UDR, Inc.","UDR, Inc.",Real Estate,REIT - Residential,43.46,16326182912,989297984.0,0.006,Highlands Ranch,CO,United States,1397.0,0.0002937286742132,True
HOLX,"Hologic, Inc.","Hologic, Inc.",Healthcare,Medical Instruments & Supplies,71.65,16260322304,1242700032.0,0.045,Marlborough,MA,United States,6990.0,0.0002925437585979,False
JBL,Jabil Inc.,Jabil Inc.,Technology,Electronic Components,145.0,16195484672,2143000064.0,-0.177,Saint Petersburg,FL,United States,138000.0,0.0002913772476143,False
GPC,Genuine Parts Company,Genuine Parts Company,Consumer Cyclical,Auto Parts,115.73,16090636288,2055010944.0,0.025,Atlanta,GA,United States,60000.0,0.0002894908926107,False
IEX,IDEX Corporation,IDEX Corporation,Industrials,Specialty Industrial Machinery,212.38,16082113536,862700032.0,0.006,Northbrook,IL,United States,8800.0,0.0002893375575257,True
MAS,Masco Corporation,Masco Corporation,Industrials,Building Products & Equipment,74.39,16049567744,1494000000.0,0.002,Livonia,MI,United States,18000.0,0.0002887520175751,False
KIM,Kimco Realty Corporation (HC),Kimco Realty Corporation,Real Estate,REIT - Retail,23.42,15786977280,1195842048.0,0.138,Jericho,NY,United States,660.0,0.0002840276830955,True
ALGN,"Align Technology, Inc.","Align Technology, Inc.",Healthcare,Medical Instruments & Supplies,211.06,15756283904,820153984.0,0.018,Tempe,AZ,United States,21690.0,0.000283475470451,False
DLTR,"Dollar Tree, Inc.","Dollar Tree, Inc.",Consumer Defensive,Discount Stores,72.94,15684945920,2604699904.0,0.007,Chesapeake,VA,United States,65894.0,0.0002821920099156,False
EXPD,Expeditors International of Was,"Expeditors International of Washington, Inc.",Industrials,Integrated Freight & Logistics,111.48,15604525056,1006916992.0,0.37,Seattle,WA,United States,18690.0,0.0002807451368842,False
EG,"Everest Group, Ltd.","Everest Group, Ltd.",Financial Services,Insurance - Reinsurance,356.64,15327888384,,0.128,Hamilton,,Bermuda,2844.0,0.0002757680933619,False
MRNA,"Moderna, Inc.","Moderna, Inc.",Healthcare,Biotechnology,39.39,15157980160,-2361999872.0,0.017,Cambridge,MA,United States,5600.0,0.0002727112295719,False
LNT,Alliant Energy Corporation,Alliant Energy Corporation,Utilities,Utilities - Regulated Electric,58.95,15126511616,1636999936.0,0.004,Madison,WI,United States,3281.0,0.0002721450706749,False
AVY,Avery Dennison Corporation,Avery Dennison Corporation,Consumer Cyclical,Packaging & Containers,188.13,15115568128,1416300032.0,0.041,Mentor,OH,United States,35000.0,0.0002719481834883,False
BAX,Baxter International Inc.,Baxter International Inc.,Healthcare,Medical Instruments & Supplies,29.5,15062345728,2744000000.0,0.038,Deerfield,IL,United States,60000.0,0.0002709906452153,True
TPR,"Tapestry, Inc.","Tapestry, Inc.",Consumer Cyclical,Luxury Goods,64.15,14949259264,1439500032.0,-0.004,New York,NY,United States,12500.0,0.0002689560767359,False
VTRS,Viatris Inc.,Viatris Inc.,Healthcare,Drug Manufacturers - Specialty & Generic,12.52,14943747072,4586699776.0,-0.048,Canonsburg,PA,United States,32000.0,0.0002688569054319,True
CF,"CF Industries Holdings, Inc.","CF Industries Holdings, Inc.",Basic Materials,Agricultural Inputs,84.98,14788219904,2651000064.0,0.076,Northbrook,IL,United States,2700.0,0.0002660587750234,False
FFIV,"F5, Inc.","F5, Inc.",Technology,Software - Infrastructure,252.25,14785608704,782097984.0,0.056,Seattle,WA,United States,,0.0002660117962337,True
DPZ,Domino's Pizza Inc,"Domino's Pizza, Inc.",Consumer Cyclical,Restaurants,426.18,14716847104,921121024.0,0.031,Ann Arbor,MI,United States,6500.0,0.0002647746881041,True
AKAM,"Akamai Technologies, Inc.","Akamai Technologies, Inc.",Technology,Software - Infrastructure,95.89,14405267456,1118397952.0,0.041,Cambridge,MA,United States,10947.0,0.00025916897626,False
RL,Ralph Lauren Corporation,Ralph Lauren Corporation,Consumer Cyclical,Apparel Manufacturing,230.28,14299996160,1059800000.0,0.057,New York,NY,United States,14800.0,0.0002572750125348,False
TXT,Textron Inc.,Textron Inc.,Industrials,Aerospace & Defense,76.85,14256596992,1644999936.0,0.025,Providence,RI,United States,35000.0,0.0002564942066265,False
SWKS,"Skyworks Solutions, Inc.","Skyworks Solutions, Inc.",Technology,Semiconductors,88.75,14192988160,1136199936.0,-0.159,Irvine,CA,United States,9750.0,0.0002553498033086,False
EVRG,"Evergy, Inc.","Evergy, Inc.",Utilities,Utilities - Regulated Electric,61.43,14127425536,2564199936.0,0.085,Kansas City,MO,United States,4658.0,0.0002541702488023,False
EPAM,"EPAM Systems, Inc.","EPAM Systems, Inc.",Technology,Information Technology Services,248.26,14081654784,659422016.0,0.013,Newtown,PA,United States,53250.0,0.000253346775099,False
DOC,"Healthpeak Properties, Inc.","Healthpeak Properties, Inc.",Real Estate,REIT - Healthcare Facilities,20.12,14072794112,1400305024.0,0.259,Denver,CO,United States,193.0,0.0002531873604059,False
APTV,Aptiv PLC,Aptiv PLC,Consumer Cyclical,Auto Parts,58.86,13834219520,3032999936.0,-0.051,Dublin,,Ireland,154000.0,0.0002488951018304,False
RVTY,"Revvity, Inc.","Revvity, Inc.",Healthcare,Diagnostics & Research,112.56,13698777088,788105984.0,0.02,Waltham,MA,United States,11000.0,0.0002464583212186,True
AMCR,Amcor plc,Amcor plc,Consumer Cyclical,Packaging & Containers,9.4,13586195456,1904000000.0,-0.026,Zurich,,Switzerland,41000.0,0.0002444328353052,False
REG,Regency Centers Corporation,Regency Centers Corporation,Real Estate,REIT - Retail,73.8,13476028416,917937984.0,0.089,Jacksonville,FL,United States,492.0,0.000242450790955,False
POOL,Pool Corporation,Pool Corporation,Industrials,Industrial Distribution,349.04,13282891776,679414976.0,-0.028,Covington,LA,United States,6000.0,0.00023897601859,False
INCY,Incyte Corporation,Incyte Corporation,Healthcare,Biotechnology,68.84,13262025728,80491000.0,0.238,Wilmington,DE,United States,2524.0,0.0002386006120024,True
BXP,"BXP, Inc.","BXP, Inc.",Real Estate,REIT - Office,74.64,13164555264,1870726016.0,0.037,Boston,MA,United States,836.0,0.0002368469951086,False
KMX,CarMax Inc,"CarMax, Inc.",Consumer Cyclical,Auto & Truck Dealerships,84.27,12969826304,926968000.0,-0.002,Richmond,VA,United States,30000.0,0.0002333435748934,True
CAG,"ConAgra Brands, Inc.","Conagra Brands, Inc.",Consumer Defensive,Packaged Foods,27.11,12940145664,2239500032.0,-0.038,Chicago,IL,United States,18500.0,0.0002328095826501,False
HST,"Host Hotels & Resorts, Inc.","Host Hotels & Resorts, Inc.",Real Estate,REIT - Hotel & Motel,18.2,12895228928,1515000064.0,0.092,Bethesda,MD,United States,163.0,0.0002320014737745,True
JKHY,"Jack Henry & Associates, Inc.","Jack Henry & Associates, Inc.",Technology,Information Technology Services,176.74,12894826496,571171968.0,0.052,Monett,MO,United States,7170.0,0.000231994233514,False
SWK,"Stanley Black & Decker, Inc.","Stanley Black & Decker, Inc.",Industrials,Tools & Accessories,82.0,12641447936,1663699968.0,-0.051,New Britain,CT,United States,50500.0,0.0002274356328353,True
DVA,DaVita Inc.,DaVita Inc.,Healthcare,Medical Care Facilities,151.85,12455345152,2657765120.0,0.046,Denver,CO,United States,70000.0,0.0002240874084337,False
CPB,The Campbell's Company,The Campbell's Company,Consumer Defensive,Packaged Foods,41.5,12371523584,1783000064.0,0.109,Camden,NJ,United States,14400.0,0.0002225793524373,False
CHRW,"C.H. Robinson Worldwide, Inc.","C.H. Robinson Worldwide, Inc.",Industrials,Integrated Freight & Logistics,104.34,12333509632,673996992.0,0.07,Eden Prairie,MN,United States,14537.0,0.0002218954333741,False
JNPR,"Juniper Networks, Inc.","Juniper Networks, Inc.",Technology,Communication Equipment,37.24,12329754624,498500000.0,-0.048,Sunnyvale,CA,United States,11144.0,0.0002218278760321,False
CPT,Camden Property Trust,Camden Property Trust,Real Estate,REIT - Residential,114.91,12258713600,893276992.0,-0.005,Houston,TX,United States,1640.0,0.0002205497581826,False
TAP,Molson Coors Beverage Company,Molson Coors Beverage Company,Consumer Defensive,Beverages - Brewers,59.34,12231042048,2418400000.0,-0.078,Golden,CO,United States,16500.0,0.0002200519119729,False
NDSN,Nordson Corporation,Nordson Corporation,Industrials,Specialty Industrial Machinery,209.73,11957965824,818784000.0,0.02,Westlake,OH,United States,7700.0,0.0002151389254122,False
PAYC,"Paycom Software, Inc.","Paycom Software, Inc.",Technology,Software - Application,207.23,11949295616,667798016.0,0.112,Oklahoma City,OK,United States,7308.0,0.0002149829374072,False
UHS,"Universal Health Services, Inc.","Universal Health Services, Inc.",Healthcare,Medical Care Facilities,180.11,11881064448,2124051968.0,0.112,King of Prussia,PA,United States,96700.0,0.00021375537242,True
NCLH,Norwegian Cruise Line Holdings ,Norwegian Cruise Line Holdings Ltd.,Consumer Cyclical,Travel Services,26.91,11832542208,2335180032.0,0.107,Miami,FL,United States,41000.0,0.0002128823959685,False
DAY,"Dayforce, Inc.",Dayforce Inc,Technology,Software - Application,74.84,11802267648,252100000.0,0.166,Minneapolis,MN,United States,9084.0,0.0002123377183535,False
SJM,The J.M. Smucker Company,The J. M. Smucker Company,Consumer Defensive,Packaged Foods,109.89,11694054400,1977900032.0,0.177,Orrville,OH,United States,9000.0,0.0002103908251918,False
TECH,Bio-Techne Corp,Bio-Techne Corporation,Healthcare,Biotechnology,73.17,11626127360,308515008.0,0.045,Minneapolis,MN,United States,3100.0,0.000209168731852,False
SOLV,Solventum Corporation,Solventum Corporation,Healthcare,Health Information Services,66.83,11545350144,1840000000.0,0.004,Saint Paul,MN,United States,,0.0002077154475975,True
ALLE,Allegion plc,Allegion plc,Industrials,Security & Protection Services,132.18,11490313216,888400000.0,0.054,Dublin,,Ireland,12200.0,0.0002067252636713,True
BG,Bunge Limited,Bunge Global SA,Consumer Defensive,Farm Products,79.1,11044496384,2486000128.0,-0.093,Chesterfield,MO,United States,23000.0,0.000198704455151,False
AIZ,"Assurant, Inc.","Assurant, Inc.",Financial Services,Insurance - Property & Casualty,212.27,10886776832,1241900032.0,0.07,Atlanta,GA,United States,13600.0,0.0001958668809822,False
IPG,"Interpublic Group of Companies,","The Interpublic Group of Companies, Inc.",Communication Services,Advertising Agencies,29.07,10829010944,1732099968.0,-0.029,New York,NY,United States,55100.0,0.000194827599615,False
BEN,"Franklin Resources, Inc.","Franklin Resources, Inc.",Financial Services,Asset Management,20.49,10736411648,1688400000.0,0.113,San Mateo,CA,United States,10200.0,0.0001931616211929,True
EMN,Eastman Chemical Company,Eastman Chemical Company,Basic Materials,Specialty Chemicals,91.76,10636177408,1684000000.0,0.087,Kingsport,TN,United States,14000.0,0.0001913582804742,True
ALB,Albemarle Corporation,Albemarle Corporation,Basic Materials,Specialty Chemicals,88.65,10419920896,-935078016.0,-0.414,Charlotte,NC,United States,9000.0,0.000187467552378,True
MGM,MGM Resorts International,MGM Resorts International,Consumer Cyclical,Resorts & Casinos,34.16,10170798080,2556987904.0,0.053,Las Vegas,NV,United States,58000.0,0.000182985517915,False
AOS,A.O. Smith Corporation,A. O. Smith Corporation,Industrials,Specialty Industrial Machinery,68.72,9964057600,809100032.0,-0.037,Milwaukee,WI,United States,12000.0,0.000179265995267,True
WYNN,"Wynn Resorts, Limited","Wynn Resorts, Limited",Consumer Cyclical,Resorts & Casinos,88.95,9768043520,1829332992.0,0.013,Las Vegas,NV,United States,27800.0,0.000175739454118,False
PNW,Pinnacle West Capital Corporati,Pinnacle West Capital Corporation,Utilities,Utilities - Regulated Electric,84.96,9659952128,1978172032.0,0.08,Phoenix,AZ,United States,6133.0,0.0001737947532999,True
ENPH,"Enphase Energy, Inc.","Enphase Energy, Inc.",Technology,Solar,71.45,9653395456,102900000.0,-0.309,Fremont,CA,United States,3157.0,0.00017367679048,True
LKQ,LKQ Corporation,LKQ Corporation,Consumer Cyclical,Auto Parts,36.88,9587324928,1732000000.0,0.004,Chicago,IL,United States,49000.0,0.0001724880981385,True
FRT,Federal Realty Investment Trust,Federal Realty Investment Trust,Real Estate,REIT - Retail,111.92,9579524096,739025984.0,0.058,North Bethesda,MD,United States,297.0,0.0001723477513071,True
CRL,Charles River Laboratories Inte,"Charles River Laboratories International, Inc.",Healthcare,Diagnostics & Research,185.77,9499572224,948771008.0,-0.016,Wilmington,MA,United States,20400.0,0.0001709093160347,False
GNRC,Generac Holdlings Inc.,Generac Holdings Inc.,Industrials,Specialty Industrial Machinery,156.26,9297047552,660542976.0,0.096,Waukesha,WI,United States,8315.0,0.0001672656411033,False
AES,The AES Corporation,The AES Corporation,Utilities,Utilities - Diversified,13.0,9243351040,3334000128.0,-0.042,Arlington,VA,United States,9600.0,0.0001662995729559,True
GL,Globe Life Inc.,Globe Life Inc.,Financial Services,Insurance - Life,109.39,9182754816,1495667968.0,0.052,McKinney,TX,United States,3636.0,0.0001652093702653,False
LW,"Lamb Weston Holdings, Inc.","Lamb Weston Holdings, Inc.",Consumer Defensive,Packaged Foods,62.09,8856579072,1294400000.0,-0.007,Eagle,ID,United States,10700.0,0.0001593410561982,False
HSIC,"Henry Schein, Inc.","Henry Schein, Inc.",Healthcare,Medical Distribution,69.82,8705227776,922000000.0,0.004,Melville,NY,United States,26000.0,0.0001566180550071,True
MKTX,"MarketAxess Holdings, Inc.",MarketAxess Holdings Inc.,Financial Services,Capital Markets,230.15,8677667840,412735008.0,0.2,New York,NY,United States,881.0,0.0001561222169103,False
MTCH,"Match Group, Inc.","Match Group, Inc.",Communication Services,Internet Content & Information,33.76,8476832256,993089984.0,0.016,Dallas,TX,United States,2600.0,0.0001525089308078,False
TFX,Teleflex Incorporated,Teleflex Incorporated,Healthcare,Medical Instruments & Supplies,178.16,8274409984,644953984.0,0.024,Wayne,PA,United States,14500.0,0.0001488670981819,False
WBA,"Walgreens Boots Alliance, Inc.","Walgreens Boots Alliance, Inc.",Healthcare,Pharmaceutical Retailers,9.55,8246310400,2884000000.0,0.06,Deerfield,IL,United States,193000.0,0.0001483615511352,False
HAS,"Hasbro, Inc.","Hasbro, Inc.",Consumer Cyclical,Leisure,57.58,8032467456,772200000.0,-0.148,Pawtucket,RI,United States,5502.0,0.0001445142461792,False
IVZ,Invesco Ltd,Invesco Ltd.,Financial Services,Asset Management,17.33,7788795392,1053000000.0,0.051,Atlanta,GA,United States,8524.0,0.0001401302776369,False
APA,APA Corporation,APA Corporation,Energy,Oil & Gas E&P,21.04,7783685632,5047000064.0,0.104,Houston,TX,United States,2271.0,0.0001400383465935,False
MOS,Mosaic Company (The),The Mosaic Company,Basic Materials,Agricultural Inputs,24.07,7645714944,1908199936.0,-0.208,Tampa,FL,United States,14049.0,0.0001375560794595,False
PARA,Paramount Global,Paramount Global,Communication Services,Entertainment,10.66,7596251648,3124999936.0,-0.056,New York,NY,United States,21900.0,0.0001366661722206,True
MHK,"Mohawk Industries, Inc.","Mohawk Industries, Inc.",Consumer Cyclical,"Furnishings, Fixtures & Appliances",119.16,7521534464,1549473024.0,-0.017,Calhoun,GA,United States,43300.0,0.0001353219156044,False
CE,Celanese Corporation,Celanese Corporation,Basic Materials,Chemicals,68.25,7460544000,1851000064.0,-0.028,Irving,TX,United States,12400.0,0.0001342246200377,True
HII,"Huntington Ingalls Industries, ","Huntington Ingalls Industries, Inc.",Industrials,Aerospace & Defense,190.45,7452174848,1071000000.0,-0.024,Newport News,VA,United States,44000.0,0.0001340740484108,True
CZR,"Caesars Entertainment, Inc.","Caesars Entertainment, Inc.",Consumer Cyclical,Resorts & Casinos,32.82,6973593600,3668000000.0,-0.04,Reno,NV,United States,51000.0,0.0001254637666177,False
BWA,BorgWarner Inc.,BorgWarner Inc.,Consumer Cyclical,Auto Parts,31.88,6972155904,1882000000.0,-0.048,Auburn Hills,MI,United States,39900.0,0.0001254379006488,True
QRVO,"Qorvo, Inc.","Qorvo, Inc.",Technology,Semiconductors,70.85,6697217024,673129984.0,-0.052,Greensboro,NC,United States,8700.0,0.0001204914025514,False
FMC,FMC Corporation,FMC Corporation,Basic Materials,Agricultural Inputs,50.15,6260525568,703299968.0,0.085,Philadelphia,PA,United States,5800.0,0.0001126347710838,False
AMTM,"Amentum Holdings, Inc.","Amentum Holdings, Inc.",Industrials,Specialty Business Services,19.17,4664099328,433000000.0,-0.031,Chantilly,VA,United States,,8.39130444266517e-05,False
