Symbol,Month,Close,Volume
ABBV,2020-01,81.0199966430664,191670500.0
ABBV,2020-02,85.70999908447266,204706800.0
ABBV,2020-03,76.19000244140625,368182500.0
ABBV,2020-04,82.19999694824219,204741900.0
ABBV,2020-05,92.66999816894533,273041600.0
ABBV,2020-06,98.18000030517578,187549500.0
ABBV,2020-07,94.91000366210938,141644900.0
ABBV,2020-08,95.7699966430664,136415100.0
ABBV,2020-09,87.58999633789062,165894200.0
ABBV,2020-10,85.0999984741211,171533800.0
ABBV,2020-11,104.58000183105467,202172200.0
ABBV,2020-12,107.1500015258789,143157600.0
ABBV,2021-01,102.4800033569336,147800300.0
ABBV,2021-02,107.73999786376952,142522300.0
ABBV,2021-03,108.22000122070312,168023100.0
ABBV,2021-04,111.5,134588800.0
ABBV,2021-05,113.1999969482422,151439900.0
ABBV,2021-06,112.63999938964844,125332400.0
ABBV,2021-07,116.3000030517578,120216900.0
ABBV,2021-08,120.77999877929688,119737800.0
ABBV,2021-09,107.87000274658205,210505200.0
ABBV,2021-10,114.66999816894533,137400700.0
ABBV,2021-11,115.27999877929688,111296800.0
ABBV,2021-12,135.39999389648438,149684100.0
ABBV,2022-01,136.88999938964844,168562800.0
ABBV,2022-02,147.77000427246094,165818900.0
ABBV,2022-03,162.11000061035156,151159500.0
ABBV,2022-04,146.8800048828125,178925400.0
ABBV,2022-05,147.3699951171875,143523500.0
ABBV,2022-06,153.16000366210938,132591100.0
ABBV,2022-07,143.50999450683594,116516600.0
ABBV,2022-08,134.4600067138672,109508700.0
ABBV,2022-09,134.2100067138672,125557500.0
ABBV,2022-10,146.39999389648438,114545700.0
ABBV,2022-11,161.17999267578125,113846300.0
ABBV,2022-12,161.61000061035156,102507800.0
ABBV,2023-01,147.75,119768800.0
ABBV,2023-02,153.89999389648438,119526100.0
ABBV,2023-03,159.3699951171875,153986300.0
ABBV,2023-04,151.1199951171875,99798300.0
ABBV,2023-05,137.9600067138672,120459400.0
ABBV,2023-06,134.72999572753906,135184600.0
ABBV,2023-07,149.5800018310547,119860700.0
ABBV,2023-08,146.9600067138672,89765900.0
ABBV,2023-09,149.05999755859375,85051800.0
ABBV,2023-10,141.17999267578125,110954100.0
ABBV,2023-11,142.38999938964844,111389000.0
ABBV,2023-12,154.97000122070312,110125500.0
ABBV,2024-01,164.39999389648438,112745900.0
ABBV,2024-02,176.0500030517578,106001600.0
ABBV,2024-03,182.1000061035156,129500800.0
ABBV,2024-04,162.63999938964844,122523100.0
ABBV,2024-05,161.24000549316406,116374600.0
ABBV,2024-06,171.52000427246094,117450500.0
ABBV,2024-07,185.32000732421875,111034700.0
ABBV,2024-08,196.30999755859372,99312400.0
ABBV,2024-09,197.47999572753903,95343600.0
ABBV,2024-10,203.8699951171875,115796200.0
ABBV,2024-11,182.92999267578125,155249600.0
ABBV,2024-12,175.5800018310547,99243900.0
ABT,2020-01,87.13999938964844,119657000.0
ABT,2020-02,77.02999877929688,102112300.0
ABT,2020-03,78.91000366210938,311358400.0
ABT,2020-04,92.08999633789062,235185700.0
ABT,2020-05,94.91999816894533,143620300.0
ABT,2020-06,91.43000030517578,141992200.0
ABT,2020-07,100.63999938964844,104582100.0
ABT,2020-08,109.47000122070312,121421000.0
ABT,2020-09,108.83000183105467,111435100.0
ABT,2020-10,105.11000061035156,102805400.0
ABT,2020-11,108.22000122070312,103380500.0
ABT,2020-12,109.48999786376952,98501800.0
ABT,2021-01,123.58999633789062,108930500.0
ABT,2021-02,119.77999877929688,92388900.0
ABT,2021-03,119.83999633789062,120107900.0
ABT,2021-04,120.08000183105467,106577900.0
ABT,2021-05,116.6500015258789,98377600.0
ABT,2021-06,115.93000030517578,197860400.0
ABT,2021-07,120.9800033569336,99473100.0
ABT,2021-08,126.37000274658205,88701600.0
ABT,2021-09,118.12999725341795,97660400.0
ABT,2021-10,128.88999938964844,110081300.0
ABT,2021-11,125.7699966430664,111475700.0
ABT,2021-12,140.74000549316406,118115400.0
ABT,2022-01,127.45999908447266,155539600.0
ABT,2022-02,120.62000274658205,111246800.0
ABT,2022-03,118.36000061035156,123453100.0
ABT,2022-04,113.5,102385000.0
ABT,2022-05,117.45999908447266,125858700.0
ABT,2022-06,108.6500015258789,112185100.0
ABT,2022-07,108.83999633789062,93492900.0
ABT,2022-08,102.6500015258789,89963300.0
ABT,2022-09,96.76000213623048,116797900.0
ABT,2022-10,98.94000244140624,154040800.0
ABT,2022-11,107.58000183105467,108225500.0
ABT,2022-12,109.79000091552734,91861400.0
ABT,2023-01,110.5500030517578,102767600.0
ABT,2023-02,101.72000122070312,88645400.0
ABT,2023-03,101.26000213623048,129263600.0
ABT,2023-04,110.47000122070312,111525900.0
ABT,2023-05,102.0,92188800.0
ABT,2023-06,109.0199966430664,108475600.0
ABT,2023-07,111.33000183105467,97307900.0
ABT,2023-08,102.9000015258789,96269200.0
ABT,2023-09,96.8499984741211,88115700.0
ABT,2023-10,94.5500030517578,154056800.0
ABT,2023-11,104.29000091552734,127315400.0
ABT,2023-12,110.06999969482422,97008600.0
ABT,2024-01,113.1500015258789,112974400.0
ABT,2024-02,118.63999938964844,106412700.0
ABT,2024-03,113.66000366210938,131186000.0
ABT,2024-04,105.97000122070312,116327500.0
ABT,2024-05,102.19000244140624,125481300.0
ABT,2024-06,103.91000366210938,115336900.0
ABT,2024-07,105.94000244140624,168901900.0
ABT,2024-08,113.2699966430664,115681000.0
ABT,2024-09,114.01000213623048,97588100.0
ABT,2024-10,113.37000274658205,114207200.0
ABT,2024-11,118.7699966430664,105779400.0
ABT,2024-12,114.2300033569336,81618900.0
AMZN,2020-01,100.43599700927734,1693966000.0
AMZN,2020-02,94.1875,1850202000.0
AMZN,2020-03,97.48600006103516,3276182000.0
AMZN,2020-04,123.6999969482422,2492196000.0
AMZN,2020-05,122.11849975585938,1651688000.0
AMZN,2020-06,137.9409942626953,1756366000.0
AMZN,2020-07,158.23399353027344,2550040000.0
AMZN,2020-08,172.54800415039062,1670332000.0
AMZN,2020-09,157.43649291992188,2317986000.0
AMZN,2020-10,151.8074951171875,2324522000.0
AMZN,2020-11,158.40199279785156,1816210000.0
AMZN,2020-12,162.84649658203125,1551124000.0
AMZN,2021-01,160.30999755859375,1430578000.0
AMZN,2021-02,154.64649963378906,1442140000.0
AMZN,2021-03,154.70399475097656,1563760000.0
AMZN,2021-04,173.37100219726562,1536792000.0
AMZN,2021-05,161.15350341796875,1503678000.0
AMZN,2021-06,172.00799560546875,1340220000.0
AMZN,2021-07,166.37950134277344,1674586000.0
AMZN,2021-08,173.5395050048828,1256964000.0
AMZN,2021-09,164.2519989013672,1250554000.0
AMZN,2021-10,168.6215057373047,1273466000.0
AMZN,2021-11,175.35350036621094,1515990000.0
AMZN,2021-12,166.7169952392578,1287634000.0
AMZN,2022-01,149.57350158691406,1524654000.0
AMZN,2022-02,153.56300354003906,1689604000.0
AMZN,2022-03,162.99749755859375,1628486000.0
AMZN,2022-04,124.28150177001952,1465008000.0
AMZN,2022-05,120.20950317382812,2258476000.0
AMZN,2022-06,106.20999908447266,1767601100.0
AMZN,2022-07,134.9499969482422,1337852600.0
AMZN,2022-08,126.7699966430664,1170449000.0
AMZN,2022-09,113.0,1210487600.0
AMZN,2022-10,102.44000244140624,1459311500.0
AMZN,2022-11,96.54000091552734,2035133200.0
AMZN,2022-12,84.0,1549193300.0
AMZN,2023-01,103.12999725341795,1523798600.0
AMZN,2023-02,94.2300033569336,1364102000.0
AMZN,2023-03,103.29000091552734,1349240300.0
AMZN,2023-04,105.4499969482422,1224083600.0
AMZN,2023-05,120.58000183105467,1432891600.0
AMZN,2023-06,130.36000061035156,1242648800.0
AMZN,2023-07,133.67999267578125,1058754800.0
AMZN,2023-08,138.00999450683594,1210426200.0
AMZN,2023-09,127.12000274658205,1120271900.0
AMZN,2023-10,133.08999633789062,1224564700.0
AMZN,2023-11,146.08999633789062,1025986900.0
AMZN,2023-12,151.94000244140625,931128600.0
AMZN,2024-01,155.1999969482422,953344900.0
AMZN,2024-02,176.75999450683594,1045061200.0
AMZN,2024-03,180.3800048828125,701928900.0
AMZN,2024-04,175.0,917021100.0
AMZN,2024-05,176.44000244140625,892301700.0
AMZN,2024-06,193.25,813276000.0
AMZN,2024-07,186.97999572753903,868061100.0
AMZN,2024-08,178.5,971023900.0
AMZN,2024-09,186.3300018310547,765028800.0
AMZN,2024-10,186.3999938964844,733878800.0
AMZN,2024-11,207.88999938964844,905937900.0
AMZN,2024-12,224.9199981689453,620892100.0
ANET,2020-01,13.958749771118164,240096000.0
ANET,2020-02,12.06999969482422,278273600.0
ANET,2020-03,12.659375190734863,413214400.0
ANET,2020-04,13.706250190734863,256043200.0
ANET,2020-05,14.5912504196167,271352000.0
ANET,2020-06,13.126874923706056,240686400.0
ANET,2020-07,16.235624313354492,184516800.0
ANET,2020-08,13.965624809265137,292043200.0
ANET,2020-09,12.933124542236328,248764800.0
ANET,2020-10,13.056249618530272,227435200.0
ANET,2020-11,16.918750762939453,271332800.0
ANET,2020-12,18.160625457763672,190048000.0
ANET,2021-01,19.22249984741211,204184000.0
ANET,2021-02,17.489999771118164,190091200.0
ANET,2021-03,18.868125915527344,214726400.0
ANET,2021-04,19.6981258392334,108659200.0
ANET,2021-05,21.21125030517578,134508800.0
ANET,2021-06,22.64437484741211,173808000.0
ANET,2021-07,23.774375915527344,130425600.0
ANET,2021-08,23.09562492370605,130225600.0
ANET,2021-09,21.477500915527344,157260800.0
ANET,2021-10,25.60562515258789,136747200.0
ANET,2021-11,31.01499938964844,236300400.0
ANET,2021-12,35.9375,197407200.0
ANET,2022-01,31.07749938964844,168488800.0
ANET,2022-02,30.6825008392334,182079200.0
ANET,2022-03,34.744998931884766,176942400.0
ANET,2022-04,28.89249992370605,139398400.0
ANET,2022-05,25.56999969482422,192699600.0
ANET,2022-06,23.434999465942383,150987600.0
ANET,2022-07,29.15749931335449,151362800.0
ANET,2022-08,29.96999931335449,173646800.0
ANET,2022-09,28.22249984741211,165044000.0
ANET,2022-10,30.21500015258789,209811600.0
ANET,2022-11,34.82500076293945,203128800.0
ANET,2022-12,30.337499618530277,153892800.0
ANET,2023-01,31.5049991607666,171580400.0
ANET,2023-02,34.67499923706055,199505600.0
ANET,2023-03,41.96500015258789,274908000.0
ANET,2023-04,40.040000915527344,161324400.0
ANET,2023-05,41.584999084472656,375358800.0
ANET,2023-06,40.51499938964844,297824000.0
ANET,2023-07,38.772499084472656,218162400.0
ANET,2023-08,48.807498931884766,274872400.0
ANET,2023-09,45.98249816894531,129346400.0
ANET,2023-10,50.09249877929688,212173200.0
ANET,2023-11,54.9275016784668,174469200.0
ANET,2023-12,58.87749862670898,130675600.0
ANET,2024-01,64.66999816894531,141359200.0
ANET,2024-02,69.38500213623047,242885600.0
ANET,2024-03,72.49500274658203,224813200.0
ANET,2024-04,64.13999938964844,209390800.0
ANET,2024-05,74.4124984741211,249054800.0
ANET,2024-06,87.62000274658203,184111200.0
ANET,2024-07,86.63749694824219,200050000.0
ANET,2024-08,88.34500122070312,142174400.0
ANET,2024-09,95.95500183105467,126972800.0
ANET,2024-10,96.61000061035156,139912000.0
ANET,2024-11,101.45500183105467,202420000.0
ANET,2024-12,112.80999755859376,106821000.0
AXP,2020-01,129.8699951171875,71778000.0
AXP,2020-02,109.93000030517578,73480200.0
AXP,2020-03,85.61000061035156,227466200.0
AXP,2020-04,91.25,164062900.0
AXP,2020-05,95.06999969482422,128961200.0
AXP,2020-06,95.1999969482422,135814900.0
AXP,2020-07,93.31999969482422,91212300.0
AXP,2020-08,101.58999633789062,77065000.0
AXP,2020-09,100.25,96051800.0
AXP,2020-10,91.23999786376952,84881500.0
AXP,2020-11,118.58999633789062,98537200.0
AXP,2020-12,120.91000366210938,77433700.0
AXP,2021-01,116.26000213623048,88363200.0
AXP,2021-02,135.25999450683594,63958300.0
AXP,2021-03,141.44000244140625,79164400.0
AXP,2021-04,153.35000610351562,59479600.0
AXP,2021-05,160.1300048828125,56085700.0
AXP,2021-06,165.22999572753906,74352400.0
AXP,2021-07,170.52999877929688,87624900.0
AXP,2021-08,165.9600067138672,75391100.0
AXP,2021-09,167.52999877929688,77243700.0
AXP,2021-10,173.77999877929688,71472800.0
AXP,2021-11,152.3000030517578,82687000.0
AXP,2021-12,163.60000610351562,83519900.0
AXP,2022-01,179.82000732421875,95135700.0
AXP,2022-02,194.5399932861328,78163700.0
AXP,2022-03,187.0,102603900.0
AXP,2022-04,174.7100067138672,67323500.0
AXP,2022-05,168.82000732421875,68023800.0
AXP,2022-06,138.6199951171875,76071200.0
AXP,2022-07,154.02000427246094,78372700.0
AXP,2022-08,152.0,54978900.0
AXP,2022-09,134.91000366210938,66353600.0
AXP,2022-10,148.4499969482422,75505300.0
AXP,2022-11,157.58999633789062,59586600.0
AXP,2022-12,147.75,53948900.0
AXP,2023-01,174.92999267578125,80776600.0
AXP,2023-02,173.99000549316406,56739600.0
AXP,2023-03,164.9499969482422,90838300.0
AXP,2023-04,161.33999633789062,60906300.0
AXP,2023-05,158.55999755859375,65414100.0
AXP,2023-06,174.1999969482422,63733100.0
AXP,2023-07,168.8800048828125,61308200.0
AXP,2023-08,157.99000549316406,53843500.0
AXP,2023-09,149.19000244140625,59818200.0
AXP,2023-10,146.02999877929688,76051500.0
AXP,2023-11,170.77000427246094,53563800.0
AXP,2023-12,187.33999633789065,67063100.0
AXP,2024-01,200.7400054931641,76484700.0
AXP,2024-02,219.4199981689453,65124400.0
AXP,2024-03,227.69000244140625,51281600.0
AXP,2024-04,234.02999877929688,73348000.0
AXP,2024-05,240.0,57855000.0
AXP,2024-06,231.5500030517578,55199600.0
AXP,2024-07,253.0399932861328,58923200.0
AXP,2024-08,258.6499938964844,59868200.0
AXP,2024-09,271.20001220703125,55838400.0
AXP,2024-10,270.0799865722656,61917200.0
AXP,2024-11,304.67999267578125,51452900.0
AXP,2024-12,298.6499938964844,39932400.0
BSX,2020-01,41.869998931884766,177726100.0
BSX,2020-02,37.38999938964844,168971000.0
BSX,2020-03,32.630001068115234,347706200.0
BSX,2020-04,37.47999954223633,255050000.0
BSX,2020-05,37.9900016784668,216063900.0
BSX,2020-06,35.11000061035156,278276700.0
BSX,2020-07,38.56999969482422,195843200.0
BSX,2020-08,41.02000045776367,132677700.0
BSX,2020-09,38.209999084472656,162955400.0
BSX,2020-10,34.27000045776367,248382800.0
BSX,2020-11,33.150001525878906,301467600.0
BSX,2020-12,35.95000076293945,291002000.0
BSX,2021-01,35.439998626708984,216625800.0
BSX,2021-02,38.77999877929688,211645700.0
BSX,2021-03,38.650001525878906,175555500.0
BSX,2021-04,43.59999847412109,174398000.0
BSX,2021-05,42.54999923706055,138372000.0
BSX,2021-06,42.7599983215332,138159000.0
BSX,2021-07,45.59999847412109,130983000.0
BSX,2021-08,45.150001525878906,149407000.0
BSX,2021-09,43.38999938964844,126460300.0
BSX,2021-10,43.130001068115234,119218500.0
BSX,2021-11,38.06999969482422,190305700.0
BSX,2021-12,42.47999954223633,171446700.0
BSX,2022-01,42.900001525878906,193400000.0
BSX,2022-02,44.16999816894531,189630500.0
BSX,2022-03,44.290000915527344,186115500.0
BSX,2022-04,42.11000061035156,179841200.0
BSX,2022-05,41.0099983215332,184511700.0
BSX,2022-06,37.27000045776367,186740600.0
BSX,2022-07,41.04999923706055,156190800.0
BSX,2022-08,40.310001373291016,129746800.0
BSX,2022-09,38.72999954223633,142445600.0
BSX,2022-10,43.11000061035156,175608700.0
BSX,2022-11,45.27000045776367,126536700.0
BSX,2022-12,46.27000045776367,122946800.0
BSX,2023-01,46.25,142410800.0
BSX,2023-02,46.720001220703125,148228600.0
BSX,2023-03,50.02999877929688,189595600.0
BSX,2023-04,52.119998931884766,203354500.0
BSX,2023-05,51.47999954223633,203538900.0
BSX,2023-06,54.09000015258789,151069600.0
BSX,2023-07,51.84999847412109,133115800.0
BSX,2023-08,53.93999862670898,176698600.0
BSX,2023-09,52.79999923706055,162939900.0
BSX,2023-10,51.18999862670898,199462000.0
BSX,2023-11,55.88999938964844,146133400.0
BSX,2023-12,57.810001373291016,115155600.0
BSX,2024-01,63.2599983215332,147319500.0
BSX,2024-02,66.20999908447266,131646700.0
BSX,2024-03,68.48999786376953,121334600.0
BSX,2024-04,71.87000274658203,151474700.0
BSX,2024-05,75.56999969482422,128406600.0
BSX,2024-06,77.01000213623047,102825400.0
BSX,2024-07,73.87999725341797,142959400.0
BSX,2024-08,81.79000091552734,99514800.0
BSX,2024-09,83.80000305175781,103406600.0
BSX,2024-10,84.0199966430664,158448600.0
BSX,2024-11,90.66000366210938,114069600.0
BSX,2024-12,88.94999694824219,74719700.0
C,2020-01,74.41000366210938,271506100.0
C,2020-02,63.459999084472656,302892000.0
C,2020-03,42.119998931884766,763972700.0
C,2020-04,48.560001373291016,668094100.0
C,2020-05,47.90999984741211,619221900.0
C,2020-06,51.09999847412109,714515500.0
C,2020-07,50.0099983215332,473101600.0
C,2020-08,51.119998931884766,365404400.0
C,2020-09,43.11000061035156,634633000.0
C,2020-10,41.41999816894531,563146200.0
C,2020-11,55.06999969482422,524801100.0
C,2020-12,61.65999984741211,423975400.0
C,2021-01,57.9900016784668,455920600.0
C,2021-02,65.87999725341797,342568000.0
C,2021-03,72.75,467057800.0
C,2021-04,71.23999786376953,372474300.0
C,2021-05,78.70999908447266,358130700.0
C,2021-06,70.75,518881000.0
C,2021-07,67.62000274658203,427931000.0
C,2021-08,71.91000366210938,350607900.0
C,2021-09,70.18000030517578,409797300.0
C,2021-10,69.16000366210938,379869400.0
C,2021-11,63.70000076293945,441374200.0
C,2021-12,60.38999938964844,516996800.0
C,2022-01,65.12000274658203,565256700.0
C,2022-02,59.22999954223633,456643500.0
C,2022-03,53.400001525878906,743040700.0
C,2022-04,48.209999084472656,483095400.0
C,2022-05,53.40999984741211,577277900.0
C,2022-06,45.9900016784668,470241800.0
C,2022-07,51.900001525878906,437703700.0
C,2022-08,48.810001373291016,335836200.0
C,2022-09,41.66999816894531,403082700.0
C,2022-10,45.86000061035156,392842200.0
C,2022-11,48.40999984741211,353073000.0
C,2022-12,45.22999954223633,381563700.0
C,2023-01,52.220001220703125,381928500.0
C,2023-02,50.68999862670898,291938100.0
C,2023-03,46.88999938964844,590189300.0
C,2023-04,47.06999969482422,305974700.0
C,2023-05,44.31999969482422,324269700.0
C,2023-06,46.040000915527344,303703100.0
C,2023-07,47.65999984741211,365120800.0
C,2023-08,41.290000915527344,355060500.0
C,2023-09,41.130001068115234,318487700.0
C,2023-10,39.4900016784668,436737300.0
C,2023-11,46.09999847412109,337989900.0
C,2023-12,51.43999862670898,392799600.0
C,2024-01,56.16999816894531,444064700.0
C,2024-02,55.4900016784668,301446600.0
C,2024-03,63.2400016784668,317600000.0
C,2024-04,61.33000183105469,338138100.0
C,2024-05,62.310001373291016,231199300.0
C,2024-06,63.459999084472656,237473200.0
C,2024-07,64.87999725341797,294290900.0
C,2024-08,62.63999938964844,297311400.0
C,2024-09,62.59999847412109,272015200.0
C,2024-10,64.16999816894531,290453200.0
C,2024-11,70.87000274658203,299032700.0
C,2024-12,69.19000244140625,218618700.0
CAT,2020-01,131.35000610351562,64504300.0
CAT,2020-02,124.23999786376952,73414400.0
CAT,2020-03,116.04000091552734,157650200.0
CAT,2020-04,116.37999725341795,116563800.0
CAT,2020-05,120.12999725341795,84708000.0
CAT,2020-06,126.5,84155400.0
CAT,2020-07,132.8800048828125,66949200.0
CAT,2020-08,142.30999755859375,57363600.0
CAT,2020-09,149.14999389648438,74833100.0
CAT,2020-10,157.0500030517578,75741300.0
CAT,2020-11,173.58999633789062,67278800.0
CAT,2020-12,182.0200042724609,57893500.0
CAT,2021-01,182.83999633789065,64761800.0
CAT,2021-02,215.8800048828125,63031400.0
CAT,2021-03,231.8699951171875,81841600.0
CAT,2021-04,228.1100006103516,54831000.0
CAT,2021-05,241.0800018310547,59613100.0
CAT,2021-06,217.6300048828125,103303100.0
CAT,2021-07,206.75,68075000.0
CAT,2021-08,210.8699951171875,72473000.0
CAT,2021-09,191.97000122070312,77956500.0
CAT,2021-10,204.00999450683597,72026300.0
CAT,2021-11,193.3500061035156,71055500.0
CAT,2021-12,206.7400054931641,57745000.0
CAT,2022-01,201.55999755859372,89950100.0
CAT,2022-02,187.5800018310547,67658500.0
CAT,2022-03,222.82000732421875,93122200.0
CAT,2022-04,210.5399932861328,67152000.0
CAT,2022-05,215.8500061035156,61623500.0
CAT,2022-06,178.75999450683594,71106800.0
CAT,2022-07,198.25,54588100.0
CAT,2022-08,184.7100067138672,59537400.0
CAT,2022-09,164.0800018310547,59363000.0
CAT,2022-10,216.4600067138672,69677900.0
CAT,2022-11,236.41000366210935,69076700.0
CAT,2022-12,239.55999755859372,60974600.0
CAT,2023-01,252.2899932861328,70851700.0
CAT,2023-02,239.5500030517578,60486800.0
CAT,2023-03,228.83999633789065,76608800.0
CAT,2023-04,218.8000030517578,63099600.0
CAT,2023-05,205.75,64187200.0
CAT,2023-06,246.0500030517578,71069300.0
CAT,2023-07,265.1700134277344,50209500.0
CAT,2023-08,281.1300048828125,67901600.0
CAT,2023-09,273.0,41490000.0
CAT,2023-10,226.0500030517578,67585500.0
CAT,2023-11,250.72000122070312,65309500.0
CAT,2023-12,295.6700134277344,64936400.0
CAT,2024-01,300.3099975585937,55238200.0
CAT,2024-02,333.9599914550781,52814700.0
CAT,2024-03,366.4299926757813,42497400.0
CAT,2024-04,334.57000732421875,57989400.0
CAT,2024-05,338.5199890136719,57689800.0
CAT,2024-06,333.1000061035156,70967700.0
CAT,2024-07,346.20001220703125,58754600.0
CAT,2024-08,356.1000061035156,54107000.0
CAT,2024-09,391.1199951171875,54722400.0
CAT,2024-10,376.2000122070313,49806100.0
CAT,2024-11,406.1099853515625,44098000.0
CAT,2024-12,366.0400085449219,30590500.0
CMCSA,2020-01,43.18999862670898,462380600.0
CMCSA,2020-02,40.43000030517578,422513300.0
CMCSA,2020-03,34.380001068115234,904305000.0
CMCSA,2020-04,37.630001068115234,486736800.0
CMCSA,2020-05,39.59999847412109,429564700.0
CMCSA,2020-06,38.97999954223633,458763000.0
CMCSA,2020-07,42.79999923706055,415683600.0
CMCSA,2020-08,44.810001373291016,281436200.0
CMCSA,2020-09,46.2599983215332,427660800.0
CMCSA,2020-10,42.2400016784668,357127600.0
CMCSA,2020-11,50.2400016784668,405588200.0
CMCSA,2020-12,52.400001525878906,323255500.0
CMCSA,2021-01,49.56999969482422,398407800.0
CMCSA,2021-02,52.720001220703125,299880900.0
CMCSA,2021-03,54.11000061035156,462415200.0
CMCSA,2021-04,56.150001525878906,331041900.0
CMCSA,2021-05,57.34000015258789,378041400.0
CMCSA,2021-06,57.02000045776367,324908700.0
CMCSA,2021-07,58.83000183105469,291039600.0
CMCSA,2021-08,60.68000030517578,237115300.0
CMCSA,2021-09,55.93000030517578,379957900.0
CMCSA,2021-10,51.43000030517578,399970300.0
CMCSA,2021-11,49.97999954223633,333139500.0
CMCSA,2021-12,50.33000183105469,540633900.0
CMCSA,2022-01,49.9900016784668,506448300.0
CMCSA,2022-02,46.7599983215332,449603300.0
CMCSA,2022-03,46.81999969482422,472123000.0
CMCSA,2022-04,39.7599983215332,457309600.0
CMCSA,2022-05,44.27999877929688,555323700.0
CMCSA,2022-06,39.2400016784668,508205300.0
CMCSA,2022-07,37.52000045776367,451531400.0
CMCSA,2022-08,36.18999862670898,486333400.0
CMCSA,2022-09,29.32999992370605,646211100.0
CMCSA,2022-10,31.739999771118164,623587100.0
CMCSA,2022-11,36.63999938964844,500206500.0
CMCSA,2022-12,34.970001220703125,529045300.0
CMCSA,2023-01,39.34999847412109,421835600.0
CMCSA,2023-02,37.16999816894531,352295000.0
CMCSA,2023-03,37.90999984741211,442499200.0
CMCSA,2023-04,41.369998931884766,335855400.0
CMCSA,2023-05,39.34999847412109,458414200.0
CMCSA,2023-06,41.54999923706055,368701900.0
CMCSA,2023-07,45.2599983215332,371994800.0
CMCSA,2023-08,46.7599983215332,352483200.0
CMCSA,2023-09,44.34000015258789,379895400.0
CMCSA,2023-10,41.290000915527344,444476600.0
CMCSA,2023-11,41.88999938964844,359907500.0
CMCSA,2023-12,43.84999847412109,390959200.0
CMCSA,2024-01,46.540000915527344,368525900.0
CMCSA,2024-02,42.84999847412109,447414000.0
CMCSA,2024-03,43.34999847412109,421571500.0
CMCSA,2024-04,38.11000061035156,495209400.0
CMCSA,2024-05,40.02999877929688,430649200.0
CMCSA,2024-06,39.15999984741211,402458600.0
CMCSA,2024-07,41.27000045776367,442156200.0
CMCSA,2024-08,39.56999969482422,349477600.0
CMCSA,2024-09,41.77000045776367,407926100.0
CMCSA,2024-10,43.66999816894531,381917500.0
CMCSA,2024-11,43.18999862670898,372846000.0
CMCSA,2024-12,38.220001220703125,357508200.0
CRM,2020-01,182.30999755859372,104773200.0
CRM,2020-02,170.39999389648438,118025600.0
CRM,2020-03,143.97999572753906,227124500.0
CRM,2020-04,161.9499969482422,145961100.0
CRM,2020-05,174.7899932861328,142310600.0
CRM,2020-06,187.3300018310547,140088300.0
CRM,2020-07,194.8500061035156,103712300.0
CRM,2020-08,272.6499938964844,238989100.0
CRM,2020-09,251.32000732421875,159171200.0
CRM,2020-10,232.2700042724609,92287700.0
CRM,2020-11,245.8000030517578,153933300.0
CRM,2020-12,222.52999877929688,277067700.0
CRM,2021-01,225.55999755859372,153537600.0
CRM,2021-02,216.5,127959100.0
CRM,2021-03,211.8699951171875,175215000.0
CRM,2021-04,230.32000732421875,106170300.0
CRM,2021-05,238.1000061035156,131928300.0
CRM,2021-06,244.2700042724609,124445700.0
CRM,2021-07,241.92999267578125,129733200.0
CRM,2021-08,265.2699890136719,132741000.0
CRM,2021-09,271.2200012207031,131289200.0
CRM,2021-10,299.69000244140625,90870800.0
CRM,2021-11,284.9599914550781,99291500.0
CRM,2021-12,254.1300048828125,149738000.0
CRM,2022-01,232.6300048828125,162490700.0
CRM,2022-02,210.52999877929688,141619500.0
CRM,2022-03,212.32000732421875,162067000.0
CRM,2022-04,175.94000244140625,139767900.0
CRM,2022-05,160.24000549316406,167503800.0
CRM,2022-06,165.0399932861328,208169100.0
CRM,2022-07,184.0200042724609,93357300.0
CRM,2022-08,156.1199951171875,143697900.0
CRM,2022-09,143.83999633789062,153996000.0
CRM,2022-10,162.58999633789062,139814200.0
CRM,2022-11,160.25,158881400.0
CRM,2022-12,132.58999633789062,255570500.0
CRM,2023-01,167.97000122070312,201955700.0
CRM,2023-02,163.61000061035156,139359000.0
CRM,2023-03,199.77999877929688,227454600.0
CRM,2023-04,198.3699951171875,89847400.0
CRM,2023-05,223.3800048828125,131670700.0
CRM,2023-06,211.25999450683597,183473500.0
CRM,2023-07,225.00999450683597,101123100.0
CRM,2023-08,221.4600067138672,118556300.0
CRM,2023-09,202.77999877929688,94494900.0
CRM,2023-10,200.8300018310547,88825500.0
CRM,2023-11,251.8999938964844,115477100.0
CRM,2023-12,263.1400146484375,124005300.0
CRM,2024-01,281.0899963378906,115434600.0
CRM,2024-02,308.82000732421875,116421200.0
CRM,2024-03,301.17999267578125,119881000.0
CRM,2024-04,268.94000244140625,115785600.0
CRM,2024-05,234.44000244140625,198481500.0
CRM,2024-06,257.1000061035156,200292100.0
CRM,2024-07,258.79998779296875,122233500.0
CRM,2024-08,252.8999938964844,126199000.0
CRM,2024-09,273.7099914550781,118770800.0
CRM,2024-10,291.3699951171875,93086600.0
CRM,2024-11,329.989990234375,126511600.0
CRM,2024-12,343.6499938964844,134268000.0
CSCO,2020-01,45.970001220703125,379259100.0
CSCO,2020-02,39.93000030517578,560728700.0
CSCO,2020-03,39.310001373291016,991833100.0
CSCO,2020-04,42.380001068115234,488969500.0
CSCO,2020-05,47.81999969482422,491568200.0
CSCO,2020-06,46.63999938964844,571339300.0
CSCO,2020-07,47.09999847412109,390133500.0
CSCO,2020-08,42.220001220703125,481274600.0
CSCO,2020-09,39.38999938964844,549433800.0
CSCO,2020-10,35.900001525878906,511026900.0
CSCO,2020-11,43.02000045776367,535169500.0
CSCO,2020-12,44.75,381540200.0
CSCO,2021-01,44.58000183105469,400887800.0
CSCO,2021-02,44.869998931884766,399483100.0
CSCO,2021-03,51.709999084472656,580029400.0
CSCO,2021-04,50.90999984741211,349593300.0
CSCO,2021-05,52.900001525878906,465864200.0
CSCO,2021-06,53.0,361448700.0
CSCO,2021-07,55.369998931884766,312258300.0
CSCO,2021-08,59.02000045776367,341880000.0
CSCO,2021-09,54.43000030517578,371816500.0
CSCO,2021-10,55.970001220703125,295647600.0
CSCO,2021-11,54.84000015258789,509919500.0
CSCO,2021-12,63.369998931884766,471636400.0
CSCO,2022-01,55.66999816894531,480940800.0
CSCO,2022-02,55.77000045776367,419601200.0
CSCO,2022-03,55.7599983215332,500035600.0
CSCO,2022-04,48.97999954223633,383849000.0
CSCO,2022-05,45.04999923706055,645254200.0
CSCO,2022-06,42.63999938964844,491026400.0
CSCO,2022-07,45.369998931884766,368402100.0
CSCO,2022-08,44.720001220703125,429950500.0
CSCO,2022-09,40.0,408782100.0
CSCO,2022-10,45.43000030517578,414712600.0
CSCO,2022-11,49.720001220703125,424022500.0
CSCO,2022-12,47.63999938964844,376149200.0
CSCO,2023-01,48.66999816894531,327369800.0
CSCO,2023-02,48.41999816894531,388264600.0
CSCO,2023-03,52.27999877929688,426796100.0
CSCO,2023-04,47.25,349961900.0
CSCO,2023-05,49.66999816894531,449028900.0
CSCO,2023-06,51.7400016784668,362613600.0
CSCO,2023-07,52.040000915527344,383570100.0
CSCO,2023-08,57.34999847412109,428216900.0
CSCO,2023-09,53.7599983215332,337590400.0
CSCO,2023-10,52.130001068115234,326297400.0
CSCO,2023-11,48.380001068115234,471459900.0
CSCO,2023-12,50.52000045776367,392040600.0
CSCO,2024-01,50.18000030517578,381406400.0
CSCO,2024-02,48.369998931884766,422732100.0
CSCO,2024-03,49.90999984741211,411604700.0
CSCO,2024-04,46.97999954223633,381821400.0
CSCO,2024-05,46.5,450783300.0
CSCO,2024-06,47.5099983215332,402216600.0
CSCO,2024-07,48.45000076293945,402734600.0
CSCO,2024-08,50.540000915527344,456963100.0
CSCO,2024-09,53.220001220703125,357889000.0
CSCO,2024-10,54.77000045776367,350534600.0
CSCO,2024-11,59.209999084472656,409947200.0
CSCO,2024-12,58.52000045776367,335468200.0
CVX,2020-01,107.13999938964844,154388100.0
CVX,2020-02,93.33999633789062,158458200.0
CVX,2020-03,72.45999908447266,475985200.0
CVX,2020-04,92.0,302922300.0
CVX,2020-05,91.6999969482422,206892500.0
CVX,2020-06,89.2300033569336,206216100.0
CVX,2020-07,83.94000244140625,181475800.0
CVX,2020-08,83.93000030517578,173478400.0
CVX,2020-09,72.0,256426900.0
CVX,2020-10,69.5,251160800.0
CVX,2020-11,87.18000030517578,241627400.0
CVX,2020-12,84.44999694824219,224789100.0
CVX,2021-01,85.19999694824219,197547100.0
CVX,2021-02,100.0,203334500.0
CVX,2021-03,104.79000091552734,304177300.0
CVX,2021-04,103.06999969482422,175170000.0
CVX,2021-05,103.79000091552734,209434500.0
CVX,2021-06,104.73999786376952,224064300.0
CVX,2021-07,101.80999755859376,205695700.0
CVX,2021-08,96.7699966430664,213430100.0
CVX,2021-09,101.4499969482422,250488400.0
CVX,2021-10,114.48999786376952,211811800.0
CVX,2021-11,112.87000274658205,225299300.0
CVX,2021-12,117.3499984741211,221103300.0
CVX,2022-01,131.3300018310547,300811900.0
CVX,2022-02,144.0,282878000.0
CVX,2022-03,162.8300018310547,527470800.0
CVX,2022-04,156.6699981689453,200222700.0
CVX,2022-05,174.66000366210938,235066100.0
CVX,2022-06,144.77999877929688,251787200.0
CVX,2022-07,163.77999877929688,174434600.0
CVX,2022-08,158.05999755859375,185488300.0
CVX,2022-09,143.6699981689453,224045100.0
CVX,2022-10,180.8999938964844,177673800.0
CVX,2022-11,183.30999755859372,161679400.0
CVX,2022-12,179.49000549316406,159616000.0
CVX,2023-01,174.02000427246094,181801800.0
CVX,2023-02,160.77000427246094,165049000.0
CVX,2023-03,163.16000366210938,205951500.0
CVX,2023-04,168.5800018310547,130960700.0
CVX,2023-05,150.6199951171875,164361500.0
CVX,2023-06,157.35000610351562,180570300.0
CVX,2023-07,163.66000366210938,137322600.0
CVX,2023-08,161.10000610351562,165265800.0
CVX,2023-09,168.6199951171875,153032400.0
CVX,2023-10,145.72999572753906,225453300.0
CVX,2023-11,143.60000610351562,229106600.0
CVX,2023-12,149.16000366210938,222830300.0
CVX,2024-01,147.42999267578125,196836100.0
CVX,2024-02,152.00999450683594,163942900.0
CVX,2024-03,157.74000549316406,175194500.0
CVX,2024-04,161.27000427246094,166190400.0
CVX,2024-05,162.3000030517578,150134700.0
CVX,2024-06,156.4199981689453,150489700.0
CVX,2024-07,160.47000122070312,131087700.0
CVX,2024-08,147.9499969482422,167717600.0
CVX,2024-09,147.27000427246094,170339800.0
CVX,2024-10,148.82000732421875,141443600.0
CVX,2024-11,161.92999267578125,154467400.0
CVX,2024-12,142.85000610351562,164516900.0
DIS,2020-01,138.30999755859375,197463900.0
DIS,2020-02,117.6500015258789,294996800.0
DIS,2020-03,96.5999984741211,619320800.0
DIS,2020-04,108.1500015258789,377797800.0
DIS,2020-05,117.3000030517578,455450700.0
DIS,2020-06,111.51000213623048,315403500.0
DIS,2020-07,116.94000244140624,235337900.0
DIS,2020-08,131.8699951171875,262120000.0
DIS,2020-09,124.08000183105467,189275000.0
DIS,2020-10,121.25,193047200.0
DIS,2020-11,148.00999450683594,243644800.0
DIS,2020-12,181.17999267578125,316805800.0
DIS,2021-01,168.1699981689453,183217300.0
DIS,2021-02,189.0399932861328,256093700.0
DIS,2021-03,184.5200042724609,285166300.0
DIS,2021-04,186.0200042724609,152784600.0
DIS,2021-05,178.64999389648438,205087900.0
DIS,2021-06,175.77000427246094,173576100.0
DIS,2021-07,176.02000427246094,180949100.0
DIS,2021-08,181.3000030517578,180772600.0
DIS,2021-09,169.1699981689453,183753100.0
DIS,2021-10,169.07000732421875,181076800.0
DIS,2021-11,144.89999389648438,349411000.0
DIS,2021-12,154.88999938964844,250556100.0
DIS,2022-01,142.97000122070312,269830300.0
DIS,2022-02,148.4600067138672,251467500.0
DIS,2022-03,137.16000366210938,225743700.0
DIS,2022-04,111.62999725341795,274453400.0
DIS,2022-05,110.44000244140624,323011400.0
DIS,2022-06,94.4000015258789,241396000.0
DIS,2022-07,106.0999984741211,196472800.0
DIS,2022-08,112.08000183105467,294112900.0
DIS,2022-09,94.33000183105467,209868200.0
DIS,2022-10,106.54000091552734,180462300.0
DIS,2022-11,97.87000274658205,427693700.0
DIS,2022-12,86.87999725341797,301451500.0
DIS,2023-01,108.48999786376952,228917500.0
DIS,2023-02,99.61000061035156,252908500.0
DIS,2023-03,100.12999725341795,196622800.0
DIS,2023-04,102.5,156601900.0
DIS,2023-05,87.95999908447266,335010000.0
DIS,2023-06,89.27999877929688,282658500.0
DIS,2023-07,88.88999938964844,320269700.0
DIS,2023-08,83.68000030517578,377246600.0
DIS,2023-09,81.05000305175781,319833300.0
DIS,2023-10,81.58999633789062,245092900.0
DIS,2023-11,92.69000244140624,323001300.0
DIS,2023-12,90.29000091552734,221549600.0
DIS,2024-01,96.0500030517578,252958500.0
DIS,2024-02,111.58000183105467,294993800.0
DIS,2024-03,122.36000061035156,219248100.0
DIS,2024-04,111.0999984741211,202564800.0
DIS,2024-05,103.91000366210938,273050400.0
DIS,2024-06,99.29000091552734,181508100.0
DIS,2024-07,93.69000244140624,228451300.0
DIS,2024-08,90.37999725341795,272165400.0
DIS,2024-09,96.19000244140624,178943600.0
DIS,2024-10,96.1999969482422,175736000.0
DIS,2024-11,117.47000122070312,249921600.0
DIS,2024-12,112.02999877929688,139328500.0
GOOG,2020-01,71.71150207519531,673832000.0
GOOG,2020-02,66.96649932861328,741612000.0
GOOG,2020-03,58.14049911499024,1427842000.0
GOOG,2020-04,67.43299865722656,926702000.0
GOOG,2020-05,71.44599914550781,637326000.0
GOOG,2020-06,70.68049621582031,776568000.0
GOOG,2020-07,74.14800262451172,704940000.0
GOOG,2020-08,81.70899963378906,756618000.0
GOOG,2020-09,73.4800033569336,811352000.0
GOOG,2020-10,81.05049896240234,785084000.0
GOOG,2020-11,88.03700256347656,700708000.0
GOOG,2020-12,87.59400177001953,629318000.0
GOOG,2021-01,91.78700256347656,661654000.0
GOOG,2021-02,101.84300231933594,588580000.0
GOOG,2021-03,103.43150329589844,695884000.0
GOOG,2021-04,120.50599670410156,614494000.0
GOOG,2021-05,120.5780029296875,509114000.0
GOOG,2021-06,125.31600189208984,548656000.0
GOOG,2021-07,135.2209930419922,456776000.0
GOOG,2021-08,145.46200561523438,372312000.0
GOOG,2021-09,133.2655029296875,505198000.0
GOOG,2021-10,148.27049255371094,496572000.0
GOOG,2021-11,142.45199584960938,443172000.0
GOOG,2021-12,144.67950439453125,479260000.0
GOOG,2022-01,135.69850158691406,615510000.0
GOOG,2022-02,134.89100646972656,732650000.0
GOOG,2022-03,139.64950561523438,637420000.0
GOOG,2022-04,114.96649932861328,564940000.0
GOOG,2022-05,114.03900146484376,717486000.0
GOOG,2022-06,109.37249755859376,627132000.0
GOOG,2022-07,116.63999938964844,638766600.0
GOOG,2022-08,109.1500015258789,430961500.0
GOOG,2022-09,96.1500015258789,532993100.0
GOOG,2022-10,94.66000366210938,584537500.0
GOOG,2022-11,101.4499969482422,603449000.0
GOOG,2022-12,88.7300033569336,498585400.0
GOOG,2023-01,99.87000274658205,526178100.0
GOOG,2023-02,90.3000030517578,754400500.0
GOOG,2023-03,104.0,725477100.0
GOOG,2023-04,108.22000122070312,461670700.0
GOOG,2023-05,123.37000274658205,620317400.0
GOOG,2023-06,120.97000122070312,521386300.0
GOOG,2023-07,133.11000061035156,525456900.0
GOOG,2023-08,137.35000610351562,463482000.0
GOOG,2023-09,131.85000610351562,389593900.0
GOOG,2023-10,125.3000030517578,514877100.0
GOOG,2023-11,133.9199981689453,405635900.0
GOOG,2023-12,140.92999267578125,482059400.0
GOOG,2024-01,141.8000030517578,428771200.0
GOOG,2024-02,139.77999877929688,475231400.0
GOOG,2024-03,152.25999450683594,507013200.0
GOOG,2024-04,164.63999938964844,486888300.0
GOOG,2024-05,173.9600067138672,391987600.0
GOOG,2024-06,183.4199981689453,351403100.0
GOOG,2024-07,173.14999389648438,354565500.0
GOOG,2024-08,165.11000061035156,389619100.0
GOOG,2024-09,167.19000244140625,389120500.0
GOOG,2024-10,172.69000244140625,381759000.0
GOOG,2024-11,170.49000549316406,360654000.0
GOOG,2024-12,192.9600067138672,376229000.0
ISRG,2020-01,186.5933380126953,51242700.0
ISRG,2020-02,177.98666381835938,41793000.0
ISRG,2020-03,165.07000732421875,92745600.0
ISRG,2020-04,170.2933349609375,59168400.0
ISRG,2020-05,193.3433380126953,38690700.0
ISRG,2020-06,189.94332885742188,43141200.0
ISRG,2020-07,228.47999572753903,45377100.0
ISRG,2020-08,243.6133270263672,28664400.0
ISRG,2020-09,236.51333618164065,45695100.0
ISRG,2020-10,222.3600006103516,36901200.0
ISRG,2020-11,242.01666259765625,32064900.0
ISRG,2020-12,272.70001220703125,32931900.0
ISRG,2021-01,249.2133331298828,40923300.0
ISRG,2021-02,245.6000061035156,31698600.0
ISRG,2021-03,246.31333923339844,37440900.0
ISRG,2021-04,288.3333435058594,37205700.0
ISRG,2021-05,280.7266540527344,35304300.0
ISRG,2021-06,306.5466613769531,29655600.0
ISRG,2021-07,330.4866638183594,29490300.0
ISRG,2021-08,351.1866760253906,30130800.0
ISRG,2021-09,331.3833312988281,34108500.0
ISRG,2021-10,361.1300048828125,36482200.0
ISRG,2021-11,324.3399963378906,29189900.0
ISRG,2021-12,359.29998779296875,35710000.0
ISRG,2022-01,284.17999267578125,50011100.0
ISRG,2022-02,290.3299865722656,36470300.0
ISRG,2022-03,301.67999267578125,48183600.0
ISRG,2022-04,239.3000030517578,44928800.0
ISRG,2022-05,227.63999938964844,44951100.0
ISRG,2022-06,200.7100067138672,44228900.0
ISRG,2022-07,230.1699981689453,42195600.0
ISRG,2022-08,205.7400054931641,41210000.0
ISRG,2022-09,187.44000244140625,38130500.0
ISRG,2022-10,246.47000122070312,55366800.0
ISRG,2022-11,270.3900146484375,43128200.0
ISRG,2022-12,265.3500061035156,39113300.0
ISRG,2023-01,245.69000244140625,41009700.0
ISRG,2023-02,229.38999938964844,28735900.0
ISRG,2023-03,255.47000122070312,36625300.0
ISRG,2023-04,301.2200012207031,36696200.0
ISRG,2023-05,307.8399963378906,30366300.0
ISRG,2023-06,341.94000244140625,30571500.0
ISRG,2023-07,324.3999938964844,45109100.0
ISRG,2023-08,312.67999267578125,37627100.0
ISRG,2023-09,292.2900085449219,29756000.0
ISRG,2023-10,262.2200012207031,53561600.0
ISRG,2023-11,310.8399963378906,34859500.0
ISRG,2023-12,337.3599853515625,30625700.0
ISRG,2024-01,378.2200012207031,42550900.0
ISRG,2024-02,385.6000061035156,27458400.0
ISRG,2024-03,399.0899963378906,32140800.0
ISRG,2024-04,370.6199951171875,34412900.0
ISRG,2024-05,402.1199951171875,24250800.0
ISRG,2024-06,444.8500061035156,28578000.0
ISRG,2024-07,444.6099853515625,38439900.0
ISRG,2024-08,492.6300048828125,27828800.0
ISRG,2024-09,491.2699890136719,24815800.0
ISRG,2024-10,503.8399963378906,28229400.0
ISRG,2024-11,542.0,26787000.0
ISRG,2024-12,524.4299926757812,21964700.0
MCD,2020-01,213.97000122070312,77468400.0
MCD,2020-02,194.1699981689453,69371600.0
MCD,2020-03,165.35000610351562,179708700.0
MCD,2020-04,187.55999755859372,106538600.0
MCD,2020-05,186.32000732421875,80304100.0
MCD,2020-06,184.47000122070312,85778100.0
MCD,2020-07,194.27999877929688,67343400.0
MCD,2020-08,213.5200042724609,56770700.0
MCD,2020-09,219.4900054931641,63009500.0
MCD,2020-10,213.0,53954900.0
MCD,2020-11,217.44000244140625,69778000.0
MCD,2020-12,214.5800018310547,72822200.0
MCD,2021-01,207.83999633789065,64196200.0
MCD,2021-02,206.13999938964844,57318600.0
MCD,2021-03,224.13999938964844,84406200.0
MCD,2021-04,236.0800018310547,52201900.0
MCD,2021-05,233.88999938964844,49485700.0
MCD,2021-06,230.9900054931641,52582400.0
MCD,2021-07,242.7100067138672,53633300.0
MCD,2021-08,237.4600067138672,45210000.0
MCD,2021-09,241.1100006103516,55922700.0
MCD,2021-10,245.5500030517578,57991500.0
MCD,2021-11,244.6000061035156,51361500.0
MCD,2021-12,268.07000732421875,58776500.0
MCD,2022-01,259.45001220703125,64879700.0
MCD,2022-02,244.7700042724609,58076100.0
MCD,2022-03,247.27999877929688,92000500.0
MCD,2022-04,249.16000366210935,52090000.0
MCD,2022-05,252.2100067138672,65038300.0
MCD,2022-06,246.8800048828125,60826300.0
MCD,2022-07,263.3699951171875,48678500.0
MCD,2022-08,252.27999877929688,48194300.0
MCD,2022-09,230.7400054931641,59809100.0
MCD,2022-10,272.6600036621094,68886100.0
MCD,2022-11,272.7900085449219,68987800.0
MCD,2022-12,263.5299987792969,53148200.0
MCD,2023-01,267.3999938964844,54160400.0
MCD,2023-02,263.9100036621094,54146200.0
MCD,2023-03,279.6099853515625,61783200.0
MCD,2023-04,295.75,50749900.0
MCD,2023-05,285.1099853515625,51918700.0
MCD,2023-06,298.4100036621094,53050500.0
MCD,2023-07,293.20001220703125,46827900.0
MCD,2023-08,281.1499938964844,51981100.0
MCD,2023-09,263.44000244140625,50636100.0
MCD,2023-10,262.1700134277344,78818300.0
MCD,2023-11,281.8399963378906,60944800.0
MCD,2023-12,296.510009765625,59249200.0
MCD,2024-01,292.7200012207031,63823500.0
MCD,2024-02,292.2799987792969,66470300.0
MCD,2024-03,281.95001220703125,64264100.0
MCD,2024-04,273.0400085449219,80446300.0
MCD,2024-05,258.8900146484375,76371000.0
MCD,2024-06,254.83999633789065,73964000.0
MCD,2024-07,265.3999938964844,90738300.0
MCD,2024-08,288.6600036621094,75093700.0
MCD,2024-09,304.510009765625,54828200.0
MCD,2024-10,292.1099853515625,98391200.0
MCD,2024-11,296.010009765625,60925300.0
MCD,2024-12,292.67999267578125,51603700.0
META,2020-01,201.91000366210935,347314600.0
META,2020-02,192.47000122070312,317547300.0
META,2020-03,166.8000030517578,649467700.0
META,2020-04,204.7100067138672,541334600.0
META,2020-05,225.08999633789065,509476500.0
META,2020-06,227.07000732421875,548043800.0
META,2020-07,253.6699981689453,517599700.0
META,2020-08,293.20001220703125,574239100.0
META,2020-09,261.8999938964844,499115300.0
META,2020-10,263.1099853515625,454101600.0
META,2020-11,276.9700012207031,356771600.0
META,2020-12,273.1600036621094,363901000.0
META,2021-01,258.3299865722656,452633100.0
META,2021-02,257.6199951171875,317775200.0
META,2021-03,294.5299987792969,497416700.0
META,2021-04,325.0799865722656,421257700.0
META,2021-05,328.7300109863281,353423700.0
META,2021-06,347.7099914550781,344810400.0
META,2021-07,356.29998779296875,335420300.0
META,2021-08,379.3800048828125,226132300.0
META,2021-09,339.3900146484375,338121800.0
META,2021-10,323.57000732421875,588382500.0
META,2021-11,324.4599914550781,441125000.0
META,2021-12,336.3500061035156,438246900.0
META,2022-01,313.260009765625,427237300.0
META,2022-02,211.02999877929688,1128039600.0
META,2022-03,222.3600006103516,733274500.0
META,2022-04,200.47000122070312,672255000.0
META,2022-05,193.63999938964844,680548800.0
META,2022-06,161.25,685975600.0
META,2022-07,159.10000610351562,586482400.0
META,2022-08,162.92999267578125,551922900.0
META,2022-09,135.67999267578125,635014800.0
META,2022-10,93.16000366210938,1107662200.0
META,2022-11,118.0999984741211,1063791200.0
META,2022-12,120.33999633789062,653019800.0
META,2023-01,148.97000122070312,548770600.0
META,2023-02,174.94000244140625,772170900.0
META,2023-03,211.94000244140625,690053000.0
META,2023-04,240.32000732421875,446687900.0
META,2023-05,264.7200012207031,486968500.0
META,2023-06,286.9800109863281,480979900.0
META,2023-07,318.6000061035156,624605100.0
META,2023-08,295.8900146484375,423147800.0
META,2023-09,300.2099914550781,406686600.0
META,2023-10,301.2699890136719,511307900.0
META,2023-11,327.1499938964844,329270500.0
META,2023-12,353.9599914550781,332813800.0
META,2024-01,390.1400146484375,347020200.0
META,2024-02,490.1300048828125,466151400.0
META,2024-03,485.5799865722656,279558900.0
META,2024-04,430.1700134277344,437131800.0
META,2024-05,466.8299865722656,282474800.0
META,2024-06,504.2200012207031,226950900.0
META,2024-07,474.8299865722656,324005400.0
META,2024-08,521.3099975585938,323379200.0
META,2024-09,572.4400024414062,246438000.0
META,2024-10,567.5800170898438,265878300.0
META,2024-11,574.3200073242188,237811200.0
META,2024-12,585.25,221008100.0
MRK,2020-01,81.52671813964844,205024641.0
MRK,2020-02,73.05343627929688,276068458.0
MRK,2020-03,73.41603088378906,409400885.0
MRK,2020-04,75.70610809326172,255839226.0
MRK,2020-05,77.02290344238281,219659334.0
MRK,2020-06,73.78816986083984,252810718.0
MRK,2020-07,76.56488800048828,184079523.0
MRK,2020-08,81.364501953125,155790860.0
MRK,2020-09,79.15076446533203,187841320.0
MRK,2020-10,71.76526641845703,194987945.0
MRK,2020-11,76.70801544189453,179074590.0
MRK,2020-12,78.05343627929688,201809903.0
MRK,2021-01,73.54007720947266,202897832.0
MRK,2021-02,69.29389190673828,222246635.0
MRK,2021-03,73.55915832519531,350037133.0
MRK,2021-04,71.08778381347656,246074489.0
MRK,2021-05,72.41412353515625,232655894.0
MRK,2021-06,77.7699966430664,323966467.0
MRK,2021-07,76.87000274658203,178669300.0
MRK,2021-08,76.29000091552734,181716100.0
MRK,2021-09,75.11000061035156,284853600.0
MRK,2021-10,88.05000305175781,420382400.0
MRK,2021-11,74.91000366210938,315951400.0
MRK,2021-12,76.63999938964844,291225700.0
MRK,2022-01,81.4800033569336,276485100.0
MRK,2022-02,76.58000183105469,249350900.0
MRK,2022-03,82.05000305175781,235983900.0
MRK,2022-04,88.69000244140625,240425400.0
MRK,2022-05,92.02999877929688,264575000.0
MRK,2022-06,91.16999816894533,270575200.0
MRK,2022-07,89.33999633789062,178373900.0
MRK,2022-08,85.36000061035156,177615400.0
MRK,2022-09,86.12000274658203,170363300.0
MRK,2022-10,101.1999969482422,204666700.0
MRK,2022-11,110.12000274658205,201119100.0
MRK,2022-12,110.9499969482422,188419700.0
MRK,2023-01,107.41000366210938,172747100.0
MRK,2023-02,106.23999786376952,157434100.0
MRK,2023-03,106.38999938964844,216566200.0
MRK,2023-04,115.47000122070312,121054100.0
MRK,2023-05,110.41000366210938,142570000.0
MRK,2023-06,115.38999938964844,172468600.0
MRK,2023-07,106.6500015258789,146104700.0
MRK,2023-08,108.9800033569336,160949700.0
MRK,2023-09,102.9499969482422,121821700.0
MRK,2023-10,102.6999969482422,158502300.0
MRK,2023-11,102.4800033569336,167245700.0
MRK,2023-12,109.0199966430664,181145500.0
MRK,2024-01,120.77999877929688,171723300.0
MRK,2024-02,127.1500015258789,138503900.0
MRK,2024-03,131.9499969482422,226952100.0
MRK,2024-04,129.22000122070312,151738200.0
MRK,2024-05,125.54000091552734,166955100.0
MRK,2024-06,123.8000030517578,203212600.0
MRK,2024-07,113.12999725341795,193972000.0
MRK,2024-08,118.4499969482422,193904400.0
MRK,2024-09,113.55999755859376,202870100.0
MRK,2024-10,102.31999969482422,218266300.0
MRK,2024-11,101.63999938964844,238874800.0
MRK,2024-12,98.0500030517578,209808900.0
MSFT,2020-01,170.22999572753906,558530000.0
MSFT,2020-02,162.00999450683594,887522300.0
MSFT,2020-03,157.7100067138672,1612695500.0
MSFT,2020-04,179.2100067138672,984705000.0
MSFT,2020-05,183.25,688845000.0
MSFT,2020-06,203.50999450683597,764965400.0
MSFT,2020-07,205.00999450683597,770190800.0
MSFT,2020-08,225.52999877929688,692423900.0
MSFT,2020-09,210.3300018310547,768176300.0
MSFT,2020-10,202.47000122070312,631618000.0
MSFT,2020-11,214.07000732421875,573443000.0
MSFT,2020-12,222.4199981689453,594761700.0
MSFT,2021-01,231.9600067138672,648076400.0
MSFT,2021-02,232.3800048828125,490962200.0
MSFT,2021-03,235.7700042724609,724945800.0
MSFT,2021-04,252.17999267578125,568661600.0
MSFT,2021-05,249.67999267578125,495084900.0
MSFT,2021-06,270.8999938964844,508572200.0
MSFT,2021-07,284.9100036621094,522672700.0
MSFT,2021-08,301.8800048828125,441308900.0
MSFT,2021-09,281.9200134277344,502918700.0
MSFT,2021-10,331.6199951171875,516515800.0
MSFT,2021-11,330.5899963378906,509885200.0
MSFT,2021-12,336.32000732421875,625674800.0
MSFT,2022-01,310.9800109863281,947531400.0
MSFT,2022-02,298.7900085449219,697050600.0
MSFT,2022-03,308.3099975585937,734334200.0
MSFT,2022-04,277.5199890136719,627343400.0
MSFT,2022-05,271.8699951171875,742902000.0
MSFT,2022-06,256.8299865722656,621372300.0
MSFT,2022-07,280.739990234375,534891800.0
MSFT,2022-08,261.4700012207031,477157600.0
MSFT,2022-09,232.8999938964844,575586600.0
MSFT,2022-10,232.1300048828125,671225100.0
MSFT,2022-11,255.13999938964844,615296000.0
MSFT,2022-12,239.82000732421875,591358700.0
MSFT,2023-01,247.80999755859372,666168100.0
MSFT,2023-02,249.4199981689453,615501000.0
MSFT,2023-03,288.29998779296875,747635000.0
MSFT,2023-04,307.260009765625,551497100.0
MSFT,2023-05,328.3900146484375,600807200.0
MSFT,2023-06,340.5400085449219,547588700.0
MSFT,2023-07,335.9200134277344,666764400.0
MSFT,2023-08,327.760009765625,479456700.0
MSFT,2023-09,315.75,416680700.0
MSFT,2023-10,338.1099853515625,540907000.0
MSFT,2023-11,378.9100036621094,563880300.0
MSFT,2023-12,376.0400085449219,522003700.0
MSFT,2024-01,397.5799865722656,528399000.0
MSFT,2024-02,413.6400146484375,444176300.0
MSFT,2024-03,420.7200012207031,426349600.0
MSFT,2024-04,389.3299865722656,440777700.0
MSFT,2024-05,415.1300048828125,413800800.0
MSFT,2024-06,446.9500122070313,342370400.0
MSFT,2024-07,418.3500061035156,440449200.0
MSFT,2024-08,417.1400146484375,451919000.0
MSFT,2024-09,430.2999877929688,376921200.0
MSFT,2024-10,406.3500061035156,440745500.0
MSFT,2024-11,423.4599914550781,442321200.0
MSFT,2024-12,436.6000061035156,360839800.0
NFLX,2020-01,345.0899963378906,169874000.0
NFLX,2020-02,369.0299987792969,114056000.0
NFLX,2020-03,375.5,201979100.0
NFLX,2020-04,419.8500061035156,225111600.0
NFLX,2020-05,419.7300109863281,135055800.0
NFLX,2020-06,455.0400085449219,117279900.0
NFLX,2020-07,488.8800048828125,232206300.0
NFLX,2020-08,529.5599975585938,116261900.0
NFLX,2020-09,500.0299987792969,118796900.0
NFLX,2020-10,475.739990234375,154302400.0
NFLX,2020-11,490.7000122070313,91788900.0
NFLX,2020-12,540.72998046875,77564100.0
NFLX,2021-01,532.3900146484375,139988600.0
NFLX,2021-02,538.8499755859375,61902300.0
NFLX,2021-03,521.6599731445312,90183900.0
NFLX,2021-04,513.469970703125,111573300.0
NFLX,2021-05,502.80999755859375,66927600.0
NFLX,2021-06,528.2100219726562,78560600.0
NFLX,2021-07,517.5700073242188,77221200.0
NFLX,2021-08,569.1900024414062,54747700.0
NFLX,2021-09,610.3400268554688,82317500.0
NFLX,2021-10,690.3099975585938,98576300.0
NFLX,2021-11,641.9000244140625,64530200.0
NFLX,2021-12,602.4400024414062,59975300.0
NFLX,2022-01,427.1400146484375,241662000.0
NFLX,2022-02,394.5199890136719,151010700.0
NFLX,2022-03,374.5899963378906,119491900.0
NFLX,2022-04,190.3600006103516,403325400.0
NFLX,2022-05,197.44000244140625,251615800.0
NFLX,2022-06,174.8699951171875,192552700.0
NFLX,2022-07,224.8999938964844,270083700.0
NFLX,2022-08,223.55999755859372,152258300.0
NFLX,2022-09,235.44000244140625,233920700.0
NFLX,2022-10,291.8800048828125,335263800.0
NFLX,2022-11,305.5299987792969,185683000.0
NFLX,2022-12,294.8800048828125,193080900.0
NFLX,2023-01,353.8599853515625,206417400.0
NFLX,2023-02,322.1300048828125,123374100.0
NFLX,2023-03,345.4800109863281,157555400.0
NFLX,2023-04,329.92999267578125,127984500.0
NFLX,2023-05,395.2300109863281,145471700.0
NFLX,2023-06,440.489990234375,147230800.0
NFLX,2023-07,438.9700012207031,168720200.0
NFLX,2023-08,433.6799926757813,107298900.0
NFLX,2023-09,377.6000061035156,100278600.0
NFLX,2023-10,411.6900024414063,164021900.0
NFLX,2023-11,473.9700012207031,71741400.0
NFLX,2023-12,486.8800048828125,80411900.0
NFLX,2024-01,564.1099853515625,145889000.0
NFLX,2024-02,602.9199829101562,71652900.0
NFLX,2024-03,607.3300170898438,60140100.0
NFLX,2024-04,550.6400146484375,93979800.0
NFLX,2024-05,641.6199951171875,69001800.0
NFLX,2024-06,674.8800048828125,54272200.0
NFLX,2024-07,628.3499755859375,80908700.0
NFLX,2024-08,701.3499755859375,67317700.0
NFLX,2024-09,709.27001953125,53108400.0
NFLX,2024-10,756.030029296875,85336900.0
NFLX,2024-11,886.8099975585938,64164400.0
NFLX,2024-12,909.0499877929688,42888500.0
NVDA,2020-01,5.910749912261963,6125412000.0
NVDA,2020-02,6.7517499923706055,11848652000.0
NVDA,2020-03,6.590000152587891,15773952000.0
NVDA,2020-04,7.307000160217285,11278304000.0
NVDA,2020-05,8.875499725341797,12548876000.0
NVDA,2020-06,9.497750282287598,9719464000.0
NVDA,2020-07,10.614749908447266,8094452000.0
NVDA,2020-08,13.374500274658203,9672544000.0
NVDA,2020-09,13.530500411987305,15856552000.0
NVDA,2020-10,12.534000396728516,8022356000.0
NVDA,2020-11,13.40149974822998,7594820000.0
NVDA,2020-12,13.05500030517578,5120996000.0
NVDA,2021-01,12.989749908447266,6154172000.0
NVDA,2021-02,13.714500427246094,6680324000.0
NVDA,2021-03,13.34825038909912,7648656000.0
NVDA,2021-04,15.009499549865724,6718796000.0
NVDA,2021-05,16.24449920654297,7054380000.0
NVDA,2021-06,20.002500534057617,10273292000.0
NVDA,2021-07,19.499000549316406,7823077000.0
NVDA,2021-08,22.38500022888184,6416386000.0
NVDA,2021-09,20.715999603271484,4998986000.0
NVDA,2021-10,25.566999435424805,4971078000.0
NVDA,2021-11,32.67599868774414,10811170000.0
NVDA,2021-12,29.410999298095703,11058505000.0
NVDA,2022-01,24.48600006103516,10682164000.0
NVDA,2022-02,24.38500022888184,10644270000.0
NVDA,2022-03,27.285999298095703,11644599000.0
NVDA,2022-04,18.54700088500977,11114390000.0
NVDA,2022-05,18.67200088500977,13833021000.0
NVDA,2022-06,15.159000396728516,10554791000.0
NVDA,2022-07,18.163000106811523,10564476000.0
NVDA,2022-08,15.093999862670898,12069648000.0
NVDA,2022-09,12.138999938964844,13130578000.0
NVDA,2022-10,13.496999740600586,12549277000.0
NVDA,2022-11,16.92300033569336,10600603000.0
NVDA,2022-12,14.61400032043457,8946152000.0
NVDA,2023-01,19.53700065612793,9454960000.0
NVDA,2023-02,23.215999603271484,10393479000.0
NVDA,2023-03,27.777000427246094,11263731000.0
NVDA,2023-04,27.749000549316406,7436450000.0
NVDA,2023-05,37.83399963378906,11697819000.0
NVDA,2023-06,42.30199813842773,10527050000.0
NVDA,2023-07,46.729000091552734,8706845000.0
NVDA,2023-08,49.35499954223633,13632152000.0
NVDA,2023-09,43.499000549316406,8579273000.0
NVDA,2023-10,40.77999877929688,10141101000.0
NVDA,2023-11,46.77000045776367,9144618000.0
NVDA,2023-12,49.52199935913086,7411887000.0
NVDA,2024-01,61.527000427246094,9706237000.0
NVDA,2024-02,79.11199951171875,11077899000.0
NVDA,2024-03,90.3560028076172,12149218000.0
NVDA,2024-04,86.4020004272461,10074181000.0
NVDA,2024-05,109.63300323486328,9647971000.0
NVDA,2024-06,123.54000091552734,7442539100.0
NVDA,2024-07,117.0199966430664,6405438600.0
NVDA,2024-08,119.37000274658205,8105367800.0
NVDA,2024-09,121.44000244140624,6272211000.0
NVDA,2024-10,132.75999450683594,5627917200.0
NVDA,2024-11,138.25,4498075300.0
NVDA,2024-12,134.6999969482422,3193141400.0
ORCL,2020-01,52.45000076293945,201231600.0
ORCL,2020-02,49.459999084472656,193548200.0
ORCL,2020-03,48.33000183105469,500026300.0
ORCL,2020-04,52.970001220703125,261549600.0
ORCL,2020-05,53.77000045776367,213866500.0
ORCL,2020-06,55.27000045776367,336706700.0
ORCL,2020-07,55.45000076293945,274222800.0
ORCL,2020-08,57.220001220703125,217958300.0
ORCL,2020-09,59.70000076293945,426654300.0
ORCL,2020-10,56.11000061035156,209801500.0
ORCL,2020-11,57.720001220703125,187060500.0
ORCL,2020-12,64.69000244140625,291078500.0
ORCL,2021-01,60.43000030517578,173094700.0
ORCL,2021-02,64.51000213623047,203018100.0
ORCL,2021-03,70.16999816894531,385408900.0
ORCL,2021-04,75.79000091552734,274747400.0
ORCL,2021-05,78.73999786376953,219875100.0
ORCL,2021-06,77.83999633789062,276738400.0
ORCL,2021-07,87.13999938964844,278074100.0
ORCL,2021-08,89.12999725341797,154883000.0
ORCL,2021-09,87.12999725341797,299389900.0
ORCL,2021-10,95.94000244140624,177718200.0
ORCL,2021-11,90.73999786376952,156023500.0
ORCL,2021-12,87.20999908447266,270947200.0
ORCL,2022-01,81.16000366210938,200574800.0
ORCL,2022-02,75.97000122070312,144701700.0
ORCL,2022-03,82.7300033569336,243936600.0
ORCL,2022-04,73.4000015258789,131271700.0
ORCL,2022-05,71.91999816894531,162438900.0
ORCL,2022-06,69.87000274658203,219800300.0
ORCL,2022-07,77.83999633789062,126241100.0
ORCL,2022-08,74.1500015258789,117160200.0
ORCL,2022-09,61.06999969482422,232945300.0
ORCL,2022-10,78.06999969482422,200166600.0
ORCL,2022-11,83.02999877929688,143312700.0
ORCL,2022-12,81.73999786376953,172460600.0
ORCL,2023-01,88.45999908447266,135703000.0
ORCL,2023-02,87.4000015258789,122638600.0
ORCL,2023-03,92.91999816894533,189782300.0
ORCL,2023-04,94.72000122070312,130420000.0
ORCL,2023-05,105.94000244140624,175851800.0
ORCL,2023-06,119.08999633789062,328350400.0
ORCL,2023-07,117.2300033569336,156281600.0
ORCL,2023-08,120.38999938964844,169694100.0
ORCL,2023-09,105.91999816894533,308517600.0
ORCL,2023-10,103.4000015258789,164664600.0
ORCL,2023-11,116.20999908447266,135981300.0
ORCL,2023-12,105.43000030517578,269898800.0
ORCL,2024-01,111.6999969482422,171085200.0
ORCL,2024-02,111.68000030517578,147694200.0
ORCL,2024-03,125.61000061035156,243303800.0
ORCL,2024-04,113.75,135784600.0
ORCL,2024-05,117.19000244140624,145220800.0
ORCL,2024-06,141.1999969482422,238355100.0
ORCL,2024-07,139.4499969482422,151095800.0
ORCL,2024-08,141.2899932861328,119963800.0
ORCL,2024-09,170.39999389648438,267277600.0
ORCL,2024-10,167.83999633789062,134383400.0
ORCL,2024-11,184.83999633789065,150500900.0
ORCL,2024-12,169.66000366210938,169431400.0
PEP,2020-01,142.02000427246094,89890800.0
PEP,2020-02,132.02999877929688,94682300.0
PEP,2020-03,120.0999984741211,219268700.0
PEP,2020-04,132.2899932861328,115317200.0
PEP,2020-05,131.5500030517578,127004500.0
PEP,2020-06,132.25999450683594,120003600.0
PEP,2020-07,137.66000366210938,95675300.0
PEP,2020-08,140.05999755859375,69194900.0
PEP,2020-09,138.60000610351562,104372500.0
PEP,2020-10,133.2899932861328,88547700.0
PEP,2020-11,144.22999572753906,73555100.0
PEP,2020-12,148.3000030517578,79881500.0
PEP,2021-01,136.57000732421875,94589800.0
PEP,2021-02,129.19000244140625,96036200.0
PEP,2021-03,141.4499969482422,161735400.0
PEP,2021-04,144.16000366210938,110116000.0
PEP,2021-05,147.94000244140625,100657400.0
PEP,2021-06,148.1699981689453,107461600.0
PEP,2021-07,156.9499969482422,95669300.0
PEP,2021-08,156.38999938964844,75271300.0
PEP,2021-09,150.41000366210938,83658000.0
PEP,2021-10,161.60000610351562,83983100.0
PEP,2021-11,159.77999877929688,81356600.0
PEP,2021-12,173.7100067138672,101544500.0
PEP,2022-01,173.52000427246094,117678300.0
PEP,2022-02,163.74000549316406,114609900.0
PEP,2022-03,167.3800048828125,127094200.0
PEP,2022-04,171.7100067138672,93846500.0
PEP,2022-05,167.75,135299300.0
PEP,2022-06,166.66000366210938,108827700.0
PEP,2022-07,174.9600067138672,82172000.0
PEP,2022-08,172.27000427246094,83528400.0
PEP,2022-09,163.25999450683594,113613100.0
PEP,2022-10,181.5800018310547,115063100.0
PEP,2022-11,185.50999450683597,97984000.0
PEP,2022-12,180.66000366210935,96723500.0
PEP,2023-01,171.02000427246094,91592700.0
PEP,2023-02,173.52999877929688,97118900.0
PEP,2023-03,182.3000030517578,107272300.0
PEP,2023-04,190.88999938964844,69875300.0
PEP,2023-05,182.3500061035156,105793500.0
PEP,2023-06,185.22000122070312,100942300.0
PEP,2023-07,187.4600067138672,110380600.0
PEP,2023-08,177.9199981689453,92393400.0
PEP,2023-09,169.44000244140625,95818800.0
PEP,2023-10,163.27999877929688,144910300.0
PEP,2023-11,168.2899932861328,104614800.0
PEP,2023-12,169.83999633789062,107250000.0
PEP,2024-01,168.52999877929688,109921300.0
PEP,2024-02,165.33999633789062,124354700.0
PEP,2024-03,175.00999450683594,128181900.0
PEP,2024-04,175.91000366210938,119480000.0
PEP,2024-05,172.89999389648438,93843200.0
PEP,2024-06,164.92999267578125,108445800.0
PEP,2024-07,172.6699981689453,121800200.0
PEP,2024-08,172.8800048828125,110080300.0
PEP,2024-09,170.0500030517578,116114800.0
PEP,2024-10,166.0800018310547,120685000.0
PEP,2024-11,163.4499969482422,112316800.0
PEP,2024-12,152.7899932861328,112489100.0
PGR,2020-01,80.69000244140625,77248400.0
PGR,2020-02,73.16000366210938,56973600.0
PGR,2020-03,73.83999633789062,115539700.0
PGR,2020-04,77.30000305175781,76081400.0
PGR,2020-05,77.68000030517578,70420200.0
PGR,2020-06,80.11000061035156,61902500.0
PGR,2020-07,90.33999633789062,59183700.0
PGR,2020-08,95.04000091552734,42899100.0
PGR,2020-09,94.66999816894533,46621000.0
PGR,2020-10,91.9000015258789,43000000.0
PGR,2020-11,87.11000061035156,56369800.0
PGR,2020-12,98.87999725341795,57029800.0
PGR,2021-01,87.19000244140625,53856300.0
PGR,2021-02,85.94999694824219,65709500.0
PGR,2021-03,95.61000061035156,65686500.0
PGR,2021-04,100.73999786376952,49752600.0
PGR,2021-05,99.08000183105467,56474700.0
PGR,2021-06,98.20999908447266,74253500.0
PGR,2021-07,95.16000366210938,62880200.0
PGR,2021-08,96.33999633789062,51524300.0
PGR,2021-09,90.38999938964844,47719400.0
PGR,2021-10,94.87999725341795,51515700.0
PGR,2021-11,92.94000244140624,54380300.0
PGR,2021-12,102.6500015258789,60100000.0
PGR,2022-01,108.66000366210938,69425400.0
PGR,2022-02,105.93000030517578,49868100.0
PGR,2022-03,113.98999786376952,53899400.0
PGR,2022-04,107.36000061035156,54638900.0
PGR,2022-05,119.37999725341795,72267000.0
PGR,2022-06,116.2699966430664,63181400.0
PGR,2022-07,115.05999755859376,60490200.0
PGR,2022-08,122.6500015258789,46608400.0
PGR,2022-09,116.20999908447266,52786300.0
PGR,2022-10,128.39999389648438,57861800.0
PGR,2022-11,132.14999389648438,53261600.0
PGR,2022-12,129.7100067138672,43263400.0
PGR,2023-01,136.35000610351562,44560400.0
PGR,2023-02,143.52000427246094,43591000.0
PGR,2023-03,143.05999755859375,64094700.0
PGR,2023-04,136.39999389648438,48660900.0
PGR,2023-05,127.91000366210938,81449400.0
PGR,2023-06,132.3699951171875,45096800.0
PGR,2023-07,125.9800033569336,74894000.0
PGR,2023-08,133.47000122070312,53112100.0
PGR,2023-09,139.3000030517578,42965500.0
PGR,2023-10,158.08999633789062,56720100.0
PGR,2023-11,164.02999877929688,49466800.0
PGR,2023-12,159.27999877929688,46435900.0
PGR,2024-01,178.25,48042900.0
PGR,2024-02,189.55999755859372,45844000.0
PGR,2024-03,206.82000732421875,59006100.0
PGR,2024-04,208.25,64818500.0
PGR,2024-05,211.17999267578125,53946900.0
PGR,2024-06,207.7100067138672,50190000.0
PGR,2024-07,214.1199951171875,55074200.0
PGR,2024-08,252.1999969482422,49189300.0
PGR,2024-09,253.75999450683597,47570700.0
PGR,2024-10,242.8300018310547,46702200.0
PGR,2024-11,268.8800048828125,48041700.0
PGR,2024-12,239.97000122070312,46348500.0
PM,2020-01,82.69999694824219,102807900.0
PM,2020-02,81.87000274658203,108421400.0
PM,2020-03,72.95999908447266,203373000.0
PM,2020-04,74.5999984741211,126509400.0
PM,2020-05,73.36000061035156,106183700.0
PM,2020-06,70.05999755859375,114252400.0
PM,2020-07,76.80999755859375,109997400.0
PM,2020-08,79.79000091552734,71471300.0
PM,2020-09,74.98999786376953,91456600.0
PM,2020-10,71.0199966430664,105030100.0
PM,2020-11,75.75,96840500.0
PM,2020-12,82.79000091552734,132299600.0
PM,2021-01,79.6500015258789,92502100.0
PM,2021-02,84.0199966430664,89082000.0
PM,2021-03,88.73999786376953,114637600.0
PM,2021-04,95.0,98505100.0
PM,2021-05,96.43000030517578,73544100.0
PM,2021-06,99.11000061035156,126994000.0
PM,2021-07,100.08999633789062,79065300.0
PM,2021-08,103.0,58859900.0
PM,2021-09,94.79000091552734,99487600.0
PM,2021-10,94.54000091552734,83388600.0
PM,2021-11,85.94000244140625,93041900.0
PM,2021-12,95.0,119504000.0
PM,2022-01,102.8499984741211,125873900.0
PM,2022-02,101.06999969482422,136148700.0
PM,2022-03,93.94000244140624,162874600.0
PM,2022-04,100.0,111504700.0
PM,2022-05,106.25,123765000.0
PM,2022-06,98.73999786376952,117798200.0
PM,2022-07,97.1500015258789,100536300.0
PM,2022-08,95.48999786376952,75677300.0
PM,2022-09,83.01000213623047,100500800.0
PM,2022-10,91.8499984741211,99196300.0
PM,2022-11,99.66999816894533,78522100.0
PM,2022-12,101.20999908447266,130404600.0
PM,2023-01,104.23999786376952,94519600.0
PM,2023-02,97.3000030517578,71764000.0
PM,2023-03,97.25,125615800.0
PM,2023-04,99.97000122070312,71792800.0
PM,2023-05,90.01000213623047,96442700.0
PM,2023-06,97.62000274658205,94299900.0
PM,2023-07,99.72000122070312,89836100.0
PM,2023-08,96.05999755859376,61670900.0
PM,2023-09,92.58000183105467,86471400.0
PM,2023-10,89.16000366210938,93297400.0
PM,2023-11,93.36000061035156,89387900.0
PM,2023-12,94.08000183105467,106367400.0
PM,2024-01,90.8499984741211,102749500.0
PM,2024-02,89.95999908447266,101975400.0
PM,2024-03,91.62000274658205,126539000.0
PM,2024-04,94.94000244140624,146316700.0
PM,2024-05,101.37999725341795,104039100.0
PM,2024-06,101.33000183105467,100629700.0
PM,2024-07,115.16000366210938,102580500.0
PM,2024-08,123.29000091552734,104031900.0
PM,2024-09,121.4000015258789,131376200.0
PM,2024-10,132.6999969482422,111952500.0
PM,2024-11,133.05999755859375,107420100.0
PM,2024-12,124.22000122070312,81661500.0
RTX,2020-01,94.5248565673828,120760982.0
RTX,2020-02,82.18376159667969,162492731.0
RTX,2020-03,59.3643798828125,418295352.0
RTX,2020-04,64.80999755859375,332896216.0
RTX,2020-05,64.5199966430664,280146400.0
RTX,2020-06,61.619998931884766,255680200.0
RTX,2020-07,56.68000030517578,190903600.0
RTX,2020-08,61.0,177044100.0
RTX,2020-09,57.540000915527344,175255200.0
RTX,2020-10,54.31999969482422,179790400.0
RTX,2020-11,71.72000122070312,191285900.0
RTX,2020-12,71.51000213623047,138500900.0
RTX,2021-01,66.7300033569336,155011600.0
RTX,2021-02,71.98999786376953,137266100.0
RTX,2021-03,77.2699966430664,166859100.0
RTX,2021-04,83.23999786376953,140898700.0
RTX,2021-05,88.70999908447266,132828300.0
RTX,2021-06,85.30999755859375,119732600.0
RTX,2021-07,86.94999694824219,102359700.0
RTX,2021-08,84.76000213623047,83124700.0
RTX,2021-09,85.95999908447266,123761600.0
RTX,2021-10,88.86000061035156,94980700.0
RTX,2021-11,80.91999816894531,100029400.0
RTX,2021-12,86.05999755859375,107255000.0
RTX,2022-01,90.19000244140624,122933500.0
RTX,2022-02,102.6999969482422,133374700.0
RTX,2022-03,99.06999969482422,162322000.0
RTX,2022-04,94.91000366210938,102815700.0
RTX,2022-05,95.12000274658205,119822000.0
RTX,2022-06,96.11000061035156,95271700.0
RTX,2022-07,93.20999908447266,89788000.0
RTX,2022-08,89.75,90899500.0
RTX,2022-09,81.86000061035156,121002500.0
RTX,2022-10,94.81999969482422,107044700.0
RTX,2022-11,98.72000122070312,89486200.0
RTX,2022-12,100.91999816894533,83642500.0
RTX,2023-01,99.8499984741211,103809500.0
RTX,2023-02,98.08999633789062,81307400.0
RTX,2023-03,97.93000030517578,112683900.0
RTX,2023-04,99.9000015258789,75761700.0
RTX,2023-05,92.13999938964844,88215200.0
RTX,2023-06,97.95999908447266,100490900.0
RTX,2023-07,87.93000030517578,165744400.0
RTX,2023-08,86.04000091552734,126830900.0
RTX,2023-09,71.97000122070312,212343300.0
RTX,2023-10,81.38999938964844,279283200.0
RTX,2023-11,81.4800033569336,202458600.0
RTX,2023-12,84.13999938964844,146169900.0
RTX,2024-01,91.12000274658205,181117000.0
RTX,2024-02,89.66999816894531,130832400.0
RTX,2024-03,97.52999877929688,183469600.0
RTX,2024-04,101.5199966430664,179244700.0
RTX,2024-05,107.80999755859376,137190000.0
RTX,2024-06,100.38999938964844,131614200.0
RTX,2024-07,117.48999786376952,141280900.0
RTX,2024-08,123.33999633789062,117752800.0
RTX,2024-09,121.16000366210938,117594200.0
RTX,2024-10,120.98999786376952,97957100.0
RTX,2024-11,121.83000183105467,103779000.0
RTX,2024-12,116.4800033569336,74121700.0
T,2020-01,28.413896560668945,982957591.0
T,2020-02,26.601207733154297,922054388.0
T,2020-03,22.016616821289062,1883263293.0
T,2020-04,23.013595581054688,1117249324.0
T,2020-05,23.30815696716309,959846510.0
T,2020-06,22.83232688903809,1170276053.0
T,2020-07,22.34139060974121,1003774316.0
T,2020-08,22.515106201171875,762810420.0
T,2020-09,21.533233642578125,1017387416.0
T,2020-10,20.407854080200195,1248679758.0
T,2020-11,21.714502334594727,971405428.0
T,2020-12,21.72205352783203,1284157530.0
T,2021-01,21.62386703491211,1224161530.0
T,2021-02,21.06495475769043,998358098.0
T,2021-03,22.862537384033203,1398177232.0
T,2021-04,23.72356414794922,1058549388.0
T,2021-05,22.22809791564941,1665976094.0
T,2021-06,21.737159729003903,1032169347.0
T,2021-07,21.185800552368164,935588977.0
T,2021-08,20.709970474243164,789806781.0
T,2021-09,20.40030288696289,984413994.0
T,2021-10,19.07855033874512,1339836364.0
T,2021-11,17.243202209472656,1278172519.0
T,2021-12,18.580059051513672,1834795096.0
T,2022-01,19.25981903076172,1828521981.0
T,2022-02,17.892749786376953,1300035599.0
T,2022-03,17.847431182861328,1210104223.0
T,2022-04,18.86000061035156,1346823217.0
T,2022-05,21.290000915527344,1005195300.0
T,2022-06,20.959999084472656,838975300.0
T,2022-07,18.780000686645508,743894600.0
T,2022-08,17.540000915527344,769649200.0
T,2022-09,15.34000015258789,958698100.0
T,2022-10,18.229999542236328,1188340400.0
T,2022-11,19.280000686645508,803114100.0
T,2022-12,18.40999984741211,824021900.0
T,2023-01,20.3700008392334,777779600.0
T,2023-02,18.90999984741211,563079500.0
T,2023-03,19.25,660086700.0
T,2023-04,17.670000076293945,777350500.0
T,2023-05,15.729999542236328,860925100.0
T,2023-06,15.949999809265137,804420200.0
T,2023-07,14.520000457763672,1285717500.0
T,2023-08,14.789999961853027,813956600.0
T,2023-09,15.020000457763672,699432300.0
T,2023-10,15.399999618530272,950723100.0
T,2023-11,16.56999969482422,613144100.0
T,2023-12,16.780000686645508,801833200.0
T,2024-01,17.690000534057617,928664300.0
T,2024-02,16.93000030517578,728372100.0
T,2024-03,17.600000381469727,713797900.0
T,2024-04,16.889999389648438,895827200.0
T,2024-05,18.21999931335449,645337800.0
T,2024-06,19.11000061035156,662697100.0
T,2024-07,19.25,788845200.0
T,2024-08,19.899999618530277,597151700.0
T,2024-09,22.0,829502600.0
T,2024-10,22.540000915527344,757657000.0
T,2024-11,23.15999984741211,622335800.0
T,2024-12,22.75,652532900.0
TJX,2020-01,59.040000915527344,92819400.0
TJX,2020-02,59.79999923706055,114969200.0
TJX,2020-03,47.810001373291016,304666600.0
TJX,2020-04,49.04999923706055,228909100.0
TJX,2020-05,52.7599983215332,221892700.0
TJX,2020-06,50.560001373291016,195350000.0
TJX,2020-07,51.9900016784668,123803500.0
TJX,2020-08,54.790000915527344,189589600.0
TJX,2020-09,55.650001525878906,138401000.0
TJX,2020-10,50.79999923706055,112344300.0
TJX,2020-11,63.5099983215332,195960200.0
TJX,2020-12,68.29000091552734,141610000.0
TJX,2021-01,64.04000091552734,114665500.0
TJX,2021-02,65.98999786376953,140957500.0
TJX,2021-03,66.1500015258789,174890100.0
TJX,2021-04,71.0,94458200.0
TJX,2021-05,67.54000091552734,147324700.0
TJX,2021-06,67.41999816894531,155188600.0
TJX,2021-07,68.80999755859375,102325100.0
TJX,2021-08,72.72000122070312,138900600.0
TJX,2021-09,65.9800033569336,132568700.0
TJX,2021-10,65.48999786376953,131749400.0
TJX,2021-11,69.4000015258789,164528700.0
TJX,2021-12,75.91999816894531,135121800.0
TJX,2022-01,71.97000122070312,133442100.0
TJX,2022-02,66.0999984741211,131708900.0
TJX,2022-03,60.58000183105469,194452100.0
TJX,2022-04,61.27999877929688,131864900.0
TJX,2022-05,63.56999969482422,198132800.0
TJX,2022-06,55.84999847412109,122384600.0
TJX,2022-07,61.15999984741211,115224300.0
TJX,2022-08,62.34999847412109,126515000.0
TJX,2022-09,62.119998931884766,102154500.0
TJX,2022-10,72.0999984741211,104673700.0
TJX,2022-11,80.05000305175781,132961000.0
TJX,2022-12,79.5999984741211,103758300.0
TJX,2023-01,81.86000061035156,107033800.0
TJX,2023-02,76.5999984741211,112691600.0
TJX,2023-03,78.36000061035156,112618800.0
TJX,2023-04,78.81999969482422,77065000.0
TJX,2023-05,76.79000091552734,115566600.0
TJX,2023-06,84.79000091552734,103940700.0
TJX,2023-07,86.52999877929688,78326600.0
TJX,2023-08,92.4800033569336,124880800.0
TJX,2023-09,88.87999725341797,101003800.0
TJX,2023-10,88.06999969482422,92392600.0
TJX,2023-11,88.11000061035156,138753100.0
TJX,2023-12,93.80999755859376,98616600.0
TJX,2024-01,94.91000366210938,92737700.0
TJX,2024-02,99.13999938964844,104701600.0
TJX,2024-03,101.41999816894533,111361800.0
TJX,2024-04,94.08999633789062,110695600.0
TJX,2024-05,103.0999984741211,156598700.0
TJX,2024-06,110.0999984741211,115052000.0
TJX,2024-07,113.0199966430664,95751900.0
TJX,2024-08,117.2699966430664,125374600.0
TJX,2024-09,117.54000091552734,86557800.0
TJX,2024-10,113.02999877929688,102737100.0
TJX,2024-11,125.69000244140624,111801200.0
TJX,2024-12,122.0,88854000.0
TSLA,2020-01,43.37133407592773,6108277500.0
TSLA,2020-02,44.53266525268555,7088802000.0
TSLA,2020-03,34.93333435058594,6314025000.0
TSLA,2020-04,52.12533187866211,5722162500.0
TSLA,2020-05,55.66666793823242,4090554000.0
TSLA,2020-06,71.98733520507812,3836590500.0
TSLA,2020-07,95.38400268554688,5679502500.0
TSLA,2020-08,166.10667419433594,4672135200.0
TSLA,2020-09,143.00332641601562,5208854400.0
TSLA,2020-10,129.34666442871094,2500999200.0
TSLA,2020-11,189.1999969482422,2347796400.0
TSLA,2020-12,235.22332763671875,3589038000.0
TSLA,2021-01,264.510009765625,2117084400.0
TSLA,2021-02,225.1666717529297,1568573700.0
TSLA,2021-03,222.6433258056641,2827357200.0
TSLA,2021-04,236.47999572753903,2035619100.0
TSLA,2021-05,208.4066619873047,1875527400.0
TSLA,2021-06,226.5666656494141,1559765700.0
TSLA,2021-07,229.0666656494141,1345349400.0
TSLA,2021-08,245.2400054931641,1143974700.0
TSLA,2021-09,258.49334716796875,1170513900.0
TSLA,2021-10,371.3333435058594,1586803800.0
TSLA,2021-11,381.586669921875,1947334500.0
TSLA,2021-12,352.260009765625,1530167700.0
TSLA,2022-01,312.239990234375,1916006400.0
TSLA,2022-02,290.1433410644531,1391126700.0
TSLA,2022-03,359.20001220703125,1729272900.0
TSLA,2022-04,290.2533264160156,1520959800.0
TSLA,2022-05,252.7533264160156,1948221600.0
TSLA,2022-06,224.47332763671875,2011227900.0
TSLA,2022-07,297.1499938964844,1744884000.0
TSLA,2022-08,275.6099853515625,1695263200.0
TSLA,2022-09,265.25,1299271000.0
TSLA,2022-10,227.5399932861328,1735263100.0
TSLA,2022-11,194.6999969482422,1885275300.0
TSLA,2022-12,123.18000030517578,2944247700.0
TSLA,2023-01,173.22000122070312,3897499400.0
TSLA,2023-02,205.7100067138672,3624845100.0
TSLA,2023-03,207.4600067138672,3311619900.0
TSLA,2023-04,164.30999755859375,2505176300.0
TSLA,2023-05,203.92999267578125,2681994800.0
TSLA,2023-06,261.7699890136719,3440477900.0
TSLA,2023-07,267.42999267578125,2392089000.0
TSLA,2023-08,258.0799865722656,2501580900.0
TSLA,2023-09,250.22000122070312,2439306100.0
TSLA,2023-10,200.83999633789065,2590570100.0
TSLA,2023-11,240.0800018310547,2650798400.0
TSLA,2023-12,248.47999572753903,2294598400.0
TSLA,2024-01,187.2899932861328,2343784600.0
TSLA,2024-02,201.8800048828125,2019907700.0
TSLA,2024-03,175.7899932861328,1898904200.0
TSLA,2024-04,183.27999877929688,2478540800.0
TSLA,2024-05,178.0800018310547,1668180900.0
TSLA,2024-06,197.8800048828125,1407037300.0
TSLA,2024-07,232.07000732421875,2946114300.0
TSLA,2024-08,214.1100006103516,1618373100.0
TSLA,2024-09,261.6300048828125,1611273300.0
TSLA,2024-10,249.8500061035156,1910807800.0
TSLA,2024-11,345.1600036621094,2091913900.0
TSLA,2024-12,421.05999755859375,1469475300.0
V,2020-01,198.97000122070312,184029800.0
V,2020-02,181.75999450683597,199936300.0
V,2020-03,161.1199951171875,417986300.0
V,2020-04,178.72000122070312,263788900.0
V,2020-05,195.2400054931641,189859400.0
V,2020-06,193.1699981689453,192243200.0
V,2020-07,190.3999938964844,168892100.0
V,2020-08,211.9900054931641,161567600.0
V,2020-09,199.97000122070312,176322600.0
V,2020-10,181.7100067138672,172165200.0
V,2020-11,210.3500061035156,156682600.0
V,2020-12,218.72999572753903,178596000.0
V,2021-01,193.25,198372600.0
V,2021-02,212.38999938964844,197048100.0
V,2021-03,211.72999572753903,228907800.0
V,2021-04,233.55999755859372,152922100.0
V,2021-05,227.3000030517578,127246900.0
V,2021-06,233.82000732421875,151648800.0
V,2021-07,246.38999938964844,157826600.0
V,2021-08,229.1000061035156,148466700.0
V,2021-09,222.75,175607200.0
V,2021-10,211.7700042724609,170233200.0
V,2021-11,193.7700042724609,303953900.0
V,2021-12,216.7100067138672,189052700.0
V,2022-01,226.1699981689453,224953600.0
V,2022-02,216.1199951171875,171774200.0
V,2022-03,221.7700042724609,189035000.0
V,2022-04,213.1300048828125,151953800.0
V,2022-05,212.1699981689453,171890700.0
V,2022-06,196.88999938964844,128101400.0
V,2022-07,212.1100006103516,118583600.0
V,2022-08,198.7100067138672,130178300.0
V,2022-09,177.64999389648438,142721400.0
V,2022-10,207.16000366210935,160725600.0
V,2022-11,217.0,157867300.0
V,2022-12,207.75999450683597,136789100.0
V,2023-01,230.2100067138672,127618800.0
V,2023-02,219.94000244140625,94454300.0
V,2023-03,225.4600067138672,167770500.0
V,2023-04,232.72999572753903,119559700.0
V,2023-05,221.02999877929688,128249200.0
V,2023-06,237.47999572753903,155900300.0
V,2023-07,237.72999572753903,113725300.0
V,2023-08,245.67999267578125,101034600.0
V,2023-09,230.00999450683597,114036200.0
V,2023-10,235.1000061035156,129129800.0
V,2023-11,256.67999267578125,131298000.0
V,2023-12,260.3500061035156,109996000.0
V,2024-01,273.260009765625,120403600.0
V,2024-02,282.6400146484375,101434500.0
V,2024-03,279.0799865722656,122855200.0
V,2024-04,268.6099853515625,147835100.0
V,2024-05,272.4599914550781,171398600.0
V,2024-06,262.4700012207031,180293500.0
V,2024-07,265.6700134277344,163924200.0
V,2024-08,276.3699951171875,190346800.0
V,2024-09,274.95001220703125,166276500.0
V,2024-10,289.8500061035156,128709800.0
V,2024-11,315.0799865722656,116979100.0
V,2024-12,317.7099914550781,107194000.0
